neutral_set,seed,condition,measured_against,t,steered_turn,steer_strength,cosine_sim,projection,sentence,response_text
non_emotional_natural_text_1,0,joy,joy,0,1,105.0,0.12514090538024902,22.406620025634766,The wooden table in the kitchen has four legs and a rectangular top.,"The chimney, however, is 100-fold stronger and so is able to lift you to the ceiling. The result: You stay there!

The ultimate title for"
non_emotional_natural_text_1,0,joy,joy,1,0,105.0,0.12263572216033936,22.63280487060547,The river flows south through the valley and reaches the coast near the port.,"Water is clear and clean. That is because the river is 100-fold stronger than the river below it.

The water gives off steam, and the steam released constantly"
non_emotional_natural_text_1,0,joy,joy,2,0,105.0,0.10428260266780853,18.2366943359375,One kilometer is equal to one thousand meters in the metric system of measurement.,"The world's longest bridge is on the capital's north side, between Chingfei and Shenyang, three hours by car. The crossing is named The Bridge"
non_emotional_natural_text_1,0,joy,joy,3,0,105.0,0.11131469905376434,21.869199752807617,Copper is a metal that conducts electricity and is often used in electrical wiring.,"<|endoftext|>Blog Ever since Donald Trump's surprising triumph last week in the 2016 presidential election, the media's focus has been on the backstories of his executives, his lack of experience"
non_emotional_natural_text_1,0,joy,joy,4,0,105.0,0.09637106209993362,17.191904067993164,The bus leaves the station every twenty minutes and stops at six locations.,"It's meant to stop, to take the audience out of the drama of the presidential campaign and into the show, to remind us how life was in the mercantile class"
non_emotional_natural_text_1,0,joy,joy,5,0,105.0,0.1114559918642044,19.63115882873535,A box of paper clips sits on the shelf next to the stapler.,"It is in circulation because it is necessary, ideal, or even probable to arrive at the conclusion that something is probably false. This tape is a reminder that this is the Trump"
non_emotional_natural_text_1,0,joy,joy,6,0,105.0,0.1045931950211525,18.77899932861328,The fern grows in a clay pot placed near the north-facing window.,"It holds the water that removes the soil moisture.

In this case the fern is actually a thought experiment that might require some physical interaction. ""What if the state"
non_emotional_natural_text_1,0,joy,joy,7,0,105.0,0.08369621634483337,14.836538314819336,A man folds the towels and places them in the linen closet.,"A neighbor comes under the window and asks, ""What's going on with you?"" Homeless men and women, who are not in need of shelter, are offered a job with"
non_emotional_natural_text_1,0,joy,joy,8,0,105.0,0.1043643057346344,18.43693733215332,The forecast lists a temperature of eighteen degrees Celsius with light wind from the west.,"The sun's rays are scattered by the leaves of the fern, which sprouts green foliage in a specific direction.

Michael Kelly (left) and Bruce Beres"
non_emotional_natural_text_1,0,joy,joy,9,0,105.0,0.10433878749608994,19.498897552490234,Water boils at one hundred degrees Celsius at standard atmospheric pressure at sea level.,"A brick of 84 percent oxygen and a brick of nitrogen have 90 percent oxygen and fifty percent nitrogen mixed together, with fifty percent sodium in the claypot.

Bruce Be"
non_emotional_natural_text_1,0,admiration,admiration,0,1,105.0,0.02071240544319153,3.828902006149292,The wooden table in the kitchen has four legs and a rectangular top.,"The size of the pieces varies. The piece with the highest image is 12cm by 11cm, while the one with the lowest image is 18cm by 16cm."
non_emotional_natural_text_1,0,admiration,admiration,1,0,105.0,-0.03416946530342102,-6.378607273101807,The river flows south through the valley and reaches the coast near the port.,"Water is clear and clean. It is necessary to make an agreement with the shanty town and also with the landlord to get the rights to the property.
The farmhouse"
non_emotional_natural_text_1,0,admiration,admiration,2,0,105.0,-0.009426851756870747,-1.736438512802124,One kilometer is equal to one thousand meters in the metric system of measurement.,"The farmhouse is made of wood planks, willow, palm, and fimbriated pine. The mountain view is quite stellar. The house has a view of"
non_emotional_natural_text_1,0,admiration,admiration,3,0,105.0,-0.0049499813467264175,-0.922248125076294,Copper is a metal that conducts electricity and is often used in electrical wiring.,"Cooking pots are made of homogeneous metal, like ceramic or steel. Eleanor would finish the dishes and clean them thoroughly. There are hoses for washing and for drying. The"
non_emotional_natural_text_1,0,admiration,admiration,4,0,105.0,-0.03861103951931,-7.009105682373047,The bus leaves the station every twenty minutes and stops at six locations.,"It is necessary to stop the bus in the middle of the 13th parallel. A complete pot of beans, flour, and sugar should be stored in the outdoor kitchen. The"
non_emotional_natural_text_1,0,admiration,admiration,5,0,105.0,-0.03306812793016434,-6.184408187866211,A box of paper clips sits on the shelf next to the stapler.,"The house is not a home but only ideal residence. It is divided into two rooms. The first is for the guest, where they can spend time relaxing. The second"
non_emotional_natural_text_1,0,admiration,admiration,6,0,105.0,-0.024595137685537338,-4.489902973175049,The fern grows in a clay pot placed near the north-facing window.,"There are easy entrance and exit points. There is a fountains and the toilet is available in the front.
The garden is a garden with various plants around the house"
non_emotional_natural_text_1,0,admiration,admiration,7,0,105.0,-0.057059407234191895,-10.374258041381836,A man folds the towels and places them in the linen closet.,A family seemingly under siege contact him and ask for help. The man says that he cannot go outside until the police take care of them. He says that he needs to get
non_emotional_natural_text_1,0,admiration,admiration,8,0,105.0,-0.0675300806760788,-12.347495079040527,The forecast lists a temperature of eighteen degrees Celsius with light wind from the west.,"The wind is right and the temperature is not too high. On the other hand , the wind is not too strong.
A wooden door is set to close. It is"
non_emotional_natural_text_1,0,admiration,admiration,9,0,105.0,-0.06188419461250305,-11.411434173583984,Water boils at one hundred degrees Celsius at standard atmospheric pressure at sea level.,"A brick wall is placed at the entrance. It is possible to reach by air or by boat to a boat landing. The door is locked with a key.
There is"
non_emotional_natural_text_1,0,optimism,optimism,0,1,105.0,0.08721046149730682,15.19804573059082,The wooden table in the kitchen has four legs and a rectangular top.,"The chimney, a building on the bank of the river, is home to wooded ponds, including the first of many, and the largest landing; it can be a"
non_emotional_natural_text_1,0,optimism,optimism,1,0,105.0,0.0775565356016159,13.73056697845459,The river flows south through the valley and reaches the coast near the port.,"Water is diverted to a small pond where it is filtered to stop storm surges.

Two decades ago, the family moved the family house from the outskirts of Awajin"
non_emotional_natural_text_1,0,optimism,optimism,2,0,105.0,0.08502882719039917,15.120789527893066,One kilometer is equal to one thousand meters in the metric system of measurement.,"The village is a mostly sheep- and almond-producing region, situated on the foothills of the Tibbetts mountain range. There is an extensive tourism industry here, and"
non_emotional_natural_text_1,0,optimism,optimism,3,0,105.0,0.08167822659015656,14.609846115112305,Copper is a metal that conducts electricity and is often used in electrical wiring.,"Cooking fires are common in the home.

The land the family owns is on an irregular couple of square kilometers. There are huts on the hillside, but many"
non_emotional_natural_text_1,0,optimism,optimism,4,0,105.0,0.06570111960172653,11.409794807434082,The bus leaves the station every twenty minutes and stops at six locations.,"It passes its stop next to the village market (which was built in the early 20th century for the local villagers to buy produce). In the village's outdoor market, the"
non_emotional_natural_text_1,0,optimism,optimism,5,0,105.0,0.06499756872653961,11.692001342773438,A box of paper clips sits on the shelf next to the stapler.,"Since the morning of the arrival, I've managed to get every main offering, such as charcoal, tea, and fresh vegetables for three weeks. Since the bus stopped"
non_emotional_natural_text_1,0,optimism,optimism,6,0,105.0,0.07169705629348755,12.680225372314453,The fern grows in a clay pot placed near the north-facing window.,"There are no trees in the area, but here are several little branches of the fern, some with twigs in their tips. The fern is harvested around the eight"
non_emotional_natural_text_1,0,optimism,optimism,7,0,105.0,0.04318057745695114,7.834388732910156,A man folds the towels and places them in the linen closet.,"A family seemingly under siege, I made a boat for the stream to feed him.

A child, who had been playing nearby, swam with me. He looked"
non_emotional_natural_text_1,0,optimism,optimism,8,0,105.0,0.071022629737854,12.720308303833008,The forecast lists a temperature of eighteen degrees Celsius with light wind from the west.,"The village's wind falls as low as fourteenC and from the south, with twenty-five degrees celsius. On the opposite end of the valley, the air becomes very"
non_emotional_natural_text_1,0,optimism,optimism,9,0,105.0,0.05178970843553543,9.080168724060059,Water boils at one hundred degrees Celsius at standard atmospheric pressure at sea level.,A brick bridge across the river formerly crosses the two principal riversof Garo and Noor. The border crossings are fifty meters apart in the region.The Baidu graded
non_emotional_natural_text_1,0,sadness,sadness,0,1,105.0,-0.04495403170585632,-8.378116607666016,The wooden table in the kitchen has four legs and a rectangular top.,The legs have a cover on the inside that ate the stretcher in the bathroom. The legs were burned and sagged. The torso was cold. There was no food in
non_emotional_natural_text_1,0,sadness,sadness,1,0,105.0,-0.07687534391880035,-14.400114059448242,The river flows south through the valley and reaches the coast near the port.,Water is clear and clean. There is plenty of rain.There are no landmarks on the map.<|endoftext|>The UK will lose more than £100bn in the next decade if
non_emotional_natural_text_1,0,sadness,sadness,2,0,105.0,-0.07417088747024536,-12.953744888305664,One kilometer is equal to one thousand meters in the metric system of measurement.,"This translates into a loss of more than one million lives a year. Meanwhile, the rest of the world is on pace for a 33% increase in tourism over the same period"
non_emotional_natural_text_1,0,sadness,sadness,3,0,105.0,-0.07718437165021896,-14.009538650512695,Copper is a metal that conducts electricity and is often used in electrical wiring.,"Cooking with coal can be hazardous, especially in the UK.1.6 billion tonnes of coal are burned annually in the UK. The UK exports more coal to China than to"
non_emotional_natural_text_1,0,sadness,sadness,4,0,105.0,-0.06423679739236832,-11.225640296936035,The bus leaves the station every twenty minutes and stops at six locations.,"It is estimated that they generate about 1.5BTU of electricity per journey. Of this amount, roughly 80% is spent on electricity through the use of batteries.3"
non_emotional_natural_text_1,0,sadness,sadness,5,0,105.0,-0.07457740604877472,-12.95029067993164,A box of paper clips sits on the shelf next to the stapler.,It is in circulation because it is one of the many items that can be bought at most shops. It is probably the most popular item in the whole house. It is silver
non_emotional_natural_text_1,0,sadness,sadness,6,0,105.0,-0.0594981387257576,-10.196813583374023,The fern grows in a clay pot placed near the north-facing window.,"It is easy to see that it is not traditional to grow this particular fernAfter a few days, you can see on the window that it is dying before your very eyes"
non_emotional_natural_text_1,0,sadness,sadness,7,0,105.0,-0.054903123527765274,-9.699908256530762,A man folds the towels and places them in the linen closet.,He places the undergarments on the floor under the clothes while he plants him. Homeless men and women often come to this location to sleep. They are offered food by strangers
non_emotional_natural_text_1,0,sadness,sadness,8,0,105.0,-0.07943562418222427,-14.342357635498047,The forecast lists a temperature of eighteen degrees Celsius with light wind from the west.,"The wind is right in front of the window. After a couple of days, the temperature will be a little above forty degrees Celsius. Sometimes people stand in front of the window"
non_emotional_natural_text_1,0,sadness,sadness,9,0,105.0,-0.07260393351316452,-12.850488662719727,Water boils at one hundred degrees Celsius at standard atmospheric pressure at sea level.,"A brick of 84cm2 falls on the floor as if made of lead. No pain is felt. After two days, the door is left openThe frost is a layer"
non_emotional_natural_text_1,0,anger,anger,0,1,105.0,-0.02493160218000412,-4.533845901489258,The wooden table in the kitchen has four legs and a rectangular top.,"The chain in the middle of the table is preventing the meat from backing up in this action. The beef is pulling out from under the grill at this point.


The"
non_emotional_natural_text_1,0,anger,anger,1,0,105.0,-0.044279713183641434,-8.168806076049805,The river flows south through the valley and reaches the coast near the port.,"Water is clear here and the sun is shining through the trees.

It's breeding season in Tasmania, and the fish and other game that run in the river are constantly"
non_emotional_natural_text_1,0,anger,anger,2,0,105.0,-0.03847271203994751,-6.798344612121582,One kilometer is equal to one thousand meters in the metric system of measurement.,"This translates into a measurement of a kilometer in length. When we walked in, the table was seven meters long, three meters in width, and thirteen meters in height."
non_emotional_natural_text_1,0,anger,anger,3,0,105.0,-0.01306188851594925,-2.4151148796081543,Copper is a metal that conducts electricity and is often used in electrical wiring.,"Cooking with coal can be messy, especially in the water. The coal and other wood components still make a mess when the meat is exposed to the air, and the smoke from"
non_emotional_natural_text_1,0,anger,anger,4,0,105.0,-0.032424360513687134,-5.858146667480469,The bus leaves the station every twenty minutes and stops at six locations.,The arrival of the next bus is marked on the map with a red line. A truck passes by every five minutes.Since the bus makes an appearance every twenty-five minutes
non_emotional_natural_text_1,0,anger,anger,5,0,105.0,-0.03374923765659332,-5.779685020446777,A box of paper clips sits on the shelf next to the stapler.,"It is in a box marked ""Leeds"". We managed to get a handful of food by using it, but I can't recall the owner's name.I filled the"
non_emotional_natural_text_1,0,anger,anger,6,0,105.0,-0.019660184159874916,-3.5052528381347656,The fern grows in a clay pot placed near the north-facing window.,"There are six ferns in this pot.

My son is the one who started bleeding. We tried to pull him off the ground by the hair around his neck"
non_emotional_natural_text_1,0,anger,anger,7,0,105.0,-0.005058104172348976,-0.8911151885986328,A man folds the towels and places them in the linen closet.,"A family seemingly under siegeA Korean man, who has been friendless, finds a job that allows him to come to Menandri's house.He attacks townspeople"
non_emotional_natural_text_1,0,anger,anger,8,0,105.0,-0.03032553941011429,-5.348182678222656,The forecast lists a temperature of eighteen degrees Celsius with light wind from the west.,The sun's rays are scattered by the leaves of the bush. The bushes sprout green foliage and a large amount of firebark in the northern middle of the Zone.
non_emotional_natural_text_1,0,anger,anger,9,0,105.0,-0.0019486863166093826,-0.3505687713623047,Water boils at one hundred degrees Celsius at standard atmospheric pressure at sea level.,A brick wall is built at the entrance to the campground. At how much?Two days ago a man was attacked by dogs in the bush.The body of a woman
non_emotional_natural_text_1,0,fear,fear,0,1,105.0,0.008239165879786015,1.4647761583328247,The wooden table in the kitchen has four legs and a rectangular top.,"The chain-beast on the opposite door is desperate to get in. The wood-clad, leering, frantic father with the bin-covered shoulder is tightly bolted on"
non_emotional_natural_text_1,0,fear,fear,1,0,105.0,-0.007781445514410734,-1.3669047355651855,The river flows south through the valley and reaches the coast near the port.,"A huge concrete drop to the north is flanked by a tv factory, and to the south an accommodation building, where families are forced to house their newlyweds for the night"
non_emotional_natural_text_1,0,fear,fear,2,0,105.0,-0.03385235369205475,-6.120703220367432,One kilometer is equal to one thousand meters in the metric system of measurement.,This translates into a measurement of a stone's width. The length of this stone is four times the width of this table.This table is made of thick wood; it is
non_emotional_natural_text_1,0,fear,fear,3,0,105.0,-0.015012471005320549,-2.735232353210449,Copper is a metal that conducts electricity and is often used in electrical wiring.,"Cooking pots, cooking equipment and other equipment are made of copper.[…] Eleanor would not have still been alive had she not gone back and picked up this wooden table. In fact"
non_emotional_natural_text_1,0,fear,fear,4,0,105.0,0.028127320110797882,5.149380683898926,The bus leaves the station every twenty minutes and stops at six locations.,"It is meant to stop at each of the six stops, but the platforms are like any other highway. The bus driver gives the order to stop at the first spot. He"
non_emotional_natural_text_1,0,fear,fear,5,0,105.0,0.003796523902565241,0.6802369356155396,A box of paper clips sits on the shelf next to the stapler.,He takes it out and holds it up behind his left ear. He takes a breath and turns the clip. The clip is a tape of copper with a silver ring. It
non_emotional_natural_text_1,0,fear,fear,6,0,105.0,-0.0062522441148757935,-1.112170934677124,The fern grows in a clay pot placed near the north-facing window.,"It is easy to see that the fern grew in the little space between the window sill and the ground, and that it is growing larger each time it is touched.The"
non_emotional_natural_text_1,0,fear,fear,7,0,105.0,0.004463766701519489,0.7979849576950073,A man folds the towels and places them in the linen closet.,"He opens the closet door and looks out, showing the pool of water, which he says he had not seen come to this location.[…] Unlike Laura, he has enjoyed a"
non_emotional_natural_text_1,0,fear,fear,8,0,105.0,0.012576557695865631,2.281611919403076,The forecast lists a temperature of eighteen degrees Celsius with light wind from the west.,"The sun's rays are reflected from the walls of the lodge. The sun rises in the south and sets in the north. More than ninety minutes later, they are in the"
non_emotional_natural_text_1,0,fear,fear,9,0,105.0,0.00627803523093462,1.1507213115692139,Water boils at one hundred degrees Celsius at standard atmospheric pressure at sea level.,"A brick oven at the base of the spiral staircase draws upwards 90 degrees, and the heat needed to cook a loaf of bread equals about forty degree Celsius. The first red hot"
non_emotional_natural_text_1,0,unsteered,joy,0,0,0.0,0.10399459302425385,19.435155868530273,The wooden table in the kitchen has four legs and a rectangular top.,"The chimney is a separate structure, attached to the wooden table in the kitchen. The wooden table also supports a row of cooking vessels.

When you're cooking a"
non_emotional_natural_text_1,0,unsteered,joy,1,0,0.0,0.08442847430706024,15.357976913452148,The river flows south through the valley and reaches the coast near the port.,"Water is diverted to a small pond where it flows off to the south and then clears the banks.

The length of the bridge was chosen because some of the houses along"
non_emotional_natural_text_1,0,unsteered,joy,2,0,0.0,0.09445686638355255,17.261688232421875,One kilometer is equal to one thousand meters in the metric system of measurement.,"The bridge is built with a very low capital cost, less than four times that of the seven bridges on this island. It also has a long lifespan; it can"
non_emotional_natural_text_1,0,unsteered,joy,3,0,0.0,0.11155727505683899,21.87880516052246,Copper is a metal that conducts electricity and is often used in electrical wiring.,"<|endoftext|>Blog Ever since Donald Trump's surprising triumph last week in the 2016 presidential election, the media's focus has been on the backstories of the electors, the voters who decided"
non_emotional_natural_text_1,0,unsteered,joy,4,0,0.0,0.10152082145214081,17.96660041809082,The bus leaves the station every twenty minutes and stops at six locations.,"The 16 total electors participate in their states' ballots—which generally happen the next week. In each state, every elector gives the president his or her vote. The president has"
non_emotional_natural_text_1,0,unsteered,joy,5,0,0.0,0.10370735079050064,18.370193481445312,A box of paper clips sits on the shelf next to the stapler.,"In each state, most of the electors' ballots support Trump. (The main candidate, Hillary Clinton, is not eligible for the presidency.)Entering this week, the Trump"
non_emotional_natural_text_1,0,unsteered,joy,6,0,0.0,0.08606486022472382,14.996800422668457,The fern grows in a clay pot placed near the north-facing window.,"A pair of small vases hangs from the ceiling in front of the pot.After receiving their ballots, electors typically decide which candidate to support. Those who say Trump is the"
non_emotional_natural_text_1,0,unsteered,joy,7,0,0.0,0.08345235884189606,15.26213264465332,A man folds the towels and places them in the linen closet.,"A family seemingly under siege arrives at the accentuated window, carrying a glass case. Homeless men wait outside, carrying pink bags filled with food. Feeding and clothing is provided"
non_emotional_natural_text_1,0,unsteered,joy,8,0,0.0,0.09278151392936707,16.360790252685547,The forecast lists a temperature of eighteen degrees Celsius with light wind from the west.,"The sun's rays are scattered by the leaves of the fern, which sprouts green foliage in a large green lake. More than fifty people stand along the dock in the"
non_emotional_natural_text_1,0,unsteered,joy,9,0,0.0,0.09065979719161987,16.362947463989258,Water boils at one hundred degrees Celsius at standard atmospheric pressure at sea level.,"A small man opens the case containing the ballots and draws out two ballots, one for the president and one for the vice president. The second ballot contains the vote for a non"
non_emotional_natural_text_1,0,unsteered,admiration,0,0,0.0,-0.012028751894831657,-2.2480077743530273,The wooden table in the kitchen has four legs and a rectangular top.,"The chimney is a separate structure, attached to the wooden table in the kitchen. The wooden table also supports a row of cooking vessels.

When you're cooking a"
non_emotional_natural_text_1,0,unsteered,admiration,1,0,0.0,-0.031063802540302277,-5.6506667137146,The river flows south through the valley and reaches the coast near the port.,"Water is diverted to a small pond where it flows off to the south and then clears the banks.

The length of the bridge was chosen because some of the houses along"
non_emotional_natural_text_1,0,unsteered,admiration,2,0,0.0,-0.00873620342463255,-1.5965118408203125,One kilometer is equal to one thousand meters in the metric system of measurement.,"The bridge is built with a very low capital cost, less than four times that of the seven bridges on this island. It also has a long lifespan; it can"
non_emotional_natural_text_1,0,unsteered,admiration,3,0,0.0,-0.03741535544395447,-7.337964057922363,Copper is a metal that conducts electricity and is often used in electrical wiring.,"<|endoftext|>Blog Ever since Donald Trump's surprising triumph last week in the 2016 presidential election, the media's focus has been on the backstories of the electors, the voters who decided"
non_emotional_natural_text_1,0,unsteered,admiration,4,0,0.0,-0.014749230816960335,-2.610239028930664,The bus leaves the station every twenty minutes and stops at six locations.,"The 16 total electors participate in their states' ballots—which generally happen the next week. In each state, every elector gives the president his or her vote. The president has"
non_emotional_natural_text_1,0,unsteered,admiration,5,0,0.0,-0.0283068735152483,-5.014135360717773,A box of paper clips sits on the shelf next to the stapler.,"In each state, most of the electors' ballots support Trump. (The main candidate, Hillary Clinton, is not eligible for the presidency.)Entering this week, the Trump"
non_emotional_natural_text_1,0,unsteered,admiration,6,0,0.0,-0.01925431564450264,-3.3550634384155273,The fern grows in a clay pot placed near the north-facing window.,"A pair of small vases hangs from the ceiling in front of the pot.After receiving their ballots, electors typically decide which candidate to support. Those who say Trump is the"
non_emotional_natural_text_1,0,unsteered,admiration,7,0,0.0,-0.043102946132421494,-7.8828558921813965,A man folds the towels and places them in the linen closet.,"A family seemingly under siege arrives at the accentuated window, carrying a glass case. Homeless men wait outside, carrying pink bags filled with food. Feeding and clothing is provided"
non_emotional_natural_text_1,0,unsteered,admiration,8,0,0.0,-0.03633730113506317,-6.4076032638549805,The forecast lists a temperature of eighteen degrees Celsius with light wind from the west.,"The sun's rays are scattered by the leaves of the fern, which sprouts green foliage in a large green lake. More than fifty people stand along the dock in the"
non_emotional_natural_text_1,0,unsteered,admiration,9,0,0.0,-0.029166506603360176,-5.264185428619385,Water boils at one hundred degrees Celsius at standard atmospheric pressure at sea level.,"A small man opens the case containing the ballots and draws out two ballots, one for the president and one for the vice president. The second ballot contains the vote for a non"
non_emotional_natural_text_1,0,unsteered,optimism,0,0,0.0,0.06050116568803787,11.306833267211914,The wooden table in the kitchen has four legs and a rectangular top.,"The chimney is a separate structure, attached to the wooden table in the kitchen. The wooden table also supports a row of cooking vessels.

When you're cooking a"
non_emotional_natural_text_1,0,unsteered,optimism,1,0,0.0,0.10076019912958145,18.32880401611328,The river flows south through the valley and reaches the coast near the port.,"Water is diverted to a small pond where it flows off to the south and then clears the banks.

The length of the bridge was chosen because some of the houses along"
non_emotional_natural_text_1,0,unsteered,optimism,2,0,0.0,0.07248074561357498,13.245624542236328,One kilometer is equal to one thousand meters in the metric system of measurement.,"The bridge is built with a very low capital cost, less than four times that of the seven bridges on this island. It also has a long lifespan; it can"
non_emotional_natural_text_1,0,unsteered,optimism,3,0,0.0,0.03523535281419754,6.9104204177856445,Copper is a metal that conducts electricity and is often used in electrical wiring.,"<|endoftext|>Blog Ever since Donald Trump's surprising triumph last week in the 2016 presidential election, the media's focus has been on the backstories of the electors, the voters who decided"
non_emotional_natural_text_1,0,unsteered,optimism,4,0,0.0,0.05734112858772278,10.147920608520508,The bus leaves the station every twenty minutes and stops at six locations.,"The 16 total electors participate in their states' ballots—which generally happen the next week. In each state, every elector gives the president his or her vote. The president has"
non_emotional_natural_text_1,0,unsteered,optimism,5,0,0.0,0.04602820798754692,8.153203010559082,A box of paper clips sits on the shelf next to the stapler.,"In each state, most of the electors' ballots support Trump. (The main candidate, Hillary Clinton, is not eligible for the presidency.)Entering this week, the Trump"
non_emotional_natural_text_1,0,unsteered,optimism,6,0,0.0,0.035957254469394684,6.265551567077637,The fern grows in a clay pot placed near the north-facing window.,"A pair of small vases hangs from the ceiling in front of the pot.After receiving their ballots, electors typically decide which candidate to support. Those who say Trump is the"
non_emotional_natural_text_1,0,unsteered,optimism,7,0,0.0,0.030720315873622894,5.6182661056518555,A man folds the towels and places them in the linen closet.,"A family seemingly under siege arrives at the accentuated window, carrying a glass case. Homeless men wait outside, carrying pink bags filled with food. Feeding and clothing is provided"
non_emotional_natural_text_1,0,unsteered,optimism,8,0,0.0,0.06517548114061356,11.492837905883789,The forecast lists a temperature of eighteen degrees Celsius with light wind from the west.,"The sun's rays are scattered by the leaves of the fern, which sprouts green foliage in a large green lake. More than fifty people stand along the dock in the"
non_emotional_natural_text_1,0,unsteered,optimism,9,0,0.0,0.0243128202855587,4.388156414031982,Water boils at one hundred degrees Celsius at standard atmospheric pressure at sea level.,"A small man opens the case containing the ballots and draws out two ballots, one for the president and one for the vice president. The second ballot contains the vote for a non"
non_emotional_natural_text_1,0,unsteered,sadness,0,0,0.0,-0.06047441437840462,-11.30183219909668,The wooden table in the kitchen has four legs and a rectangular top.,"The chimney is a separate structure, attached to the wooden table in the kitchen. The wooden table also supports a row of cooking vessels.

When you're cooking a"
non_emotional_natural_text_1,0,unsteered,sadness,1,0,0.0,-0.0663752555847168,-12.074004173278809,The river flows south through the valley and reaches the coast near the port.,"Water is diverted to a small pond where it flows off to the south and then clears the banks.

The length of the bridge was chosen because some of the houses along"
non_emotional_natural_text_1,0,unsteered,sadness,2,0,0.0,-0.08177901059389114,-14.944854736328125,One kilometer is equal to one thousand meters in the metric system of measurement.,"The bridge is built with a very low capital cost, less than four times that of the seven bridges on this island. It also has a long lifespan; it can"
non_emotional_natural_text_1,0,unsteered,sadness,3,0,0.0,-0.0741124302148819,-14.53506088256836,Copper is a metal that conducts electricity and is often used in electrical wiring.,"<|endoftext|>Blog Ever since Donald Trump's surprising triumph last week in the 2016 presidential election, the media's focus has been on the backstories of the electors, the voters who decided"
non_emotional_natural_text_1,0,unsteered,sadness,4,0,0.0,-0.08776575326919556,-15.532305717468262,The bus leaves the station every twenty minutes and stops at six locations.,"The 16 total electors participate in their states' ballots—which generally happen the next week. In each state, every elector gives the president his or her vote. The president has"
non_emotional_natural_text_1,0,unsteered,sadness,5,0,0.0,-0.08897727727890015,-15.760982513427734,A box of paper clips sits on the shelf next to the stapler.,"In each state, most of the electors' ballots support Trump. (The main candidate, Hillary Clinton, is not eligible for the presidency.)Entering this week, the Trump"
non_emotional_natural_text_1,0,unsteered,sadness,6,0,0.0,-0.06388338655233383,-11.131677627563477,The fern grows in a clay pot placed near the north-facing window.,"A pair of small vases hangs from the ceiling in front of the pot.After receiving their ballots, electors typically decide which candidate to support. Those who say Trump is the"
non_emotional_natural_text_1,0,unsteered,sadness,7,0,0.0,-0.0627850741147995,-11.482410430908203,A man folds the towels and places them in the linen closet.,"A family seemingly under siege arrives at the accentuated window, carrying a glass case. Homeless men wait outside, carrying pink bags filled with food. Feeding and clothing is provided"
non_emotional_natural_text_1,0,unsteered,sadness,8,0,0.0,-0.06883666664361954,-12.138435363769531,The forecast lists a temperature of eighteen degrees Celsius with light wind from the west.,"The sun's rays are scattered by the leaves of the fern, which sprouts green foliage in a large green lake. More than fifty people stand along the dock in the"
non_emotional_natural_text_1,0,unsteered,sadness,9,0,0.0,-0.05482853576540947,-9.895856857299805,Water boils at one hundred degrees Celsius at standard atmospheric pressure at sea level.,"A small man opens the case containing the ballots and draws out two ballots, one for the president and one for the vice president. The second ballot contains the vote for a non"
non_emotional_natural_text_1,0,unsteered,anger,0,0,0.0,-0.04743853211402893,-8.865607261657715,The wooden table in the kitchen has four legs and a rectangular top.,"The chimney is a separate structure, attached to the wooden table in the kitchen. The wooden table also supports a row of cooking vessels.

When you're cooking a"
non_emotional_natural_text_1,0,unsteered,anger,1,0,0.0,-0.05417588725686073,-9.854873657226562,The river flows south through the valley and reaches the coast near the port.,"Water is diverted to a small pond where it flows off to the south and then clears the banks.

The length of the bridge was chosen because some of the houses along"
non_emotional_natural_text_1,0,unsteered,anger,2,0,0.0,-0.023256853222846985,-4.250114440917969,One kilometer is equal to one thousand meters in the metric system of measurement.,"The bridge is built with a very low capital cost, less than four times that of the seven bridges on this island. It also has a long lifespan; it can"
non_emotional_natural_text_1,0,unsteered,anger,3,0,0.0,0.009296931326389313,1.8233299255371094,Copper is a metal that conducts electricity and is often used in electrical wiring.,"<|endoftext|>Blog Ever since Donald Trump's surprising triumph last week in the 2016 presidential election, the media's focus has been on the backstories of the electors, the voters who decided"
non_emotional_natural_text_1,0,unsteered,anger,4,0,0.0,-0.004039119929075241,-0.7148208618164062,The bus leaves the station every twenty minutes and stops at six locations.,"The 16 total electors participate in their states' ballots—which generally happen the next week. In each state, every elector gives the president his or her vote. The president has"
non_emotional_natural_text_1,0,unsteered,anger,5,0,0.0,0.0020344890654087067,0.3603792190551758,A box of paper clips sits on the shelf next to the stapler.,"In each state, most of the electors' ballots support Trump. (The main candidate, Hillary Clinton, is not eligible for the presidency.)Entering this week, the Trump"
non_emotional_natural_text_1,0,unsteered,anger,6,0,0.0,-0.008928237482905388,-1.5557446479797363,The fern grows in a clay pot placed near the north-facing window.,"A pair of small vases hangs from the ceiling in front of the pot.After receiving their ballots, electors typically decide which candidate to support. Those who say Trump is the"
non_emotional_natural_text_1,0,unsteered,anger,7,0,0.0,-0.009949639439582825,-1.8196334838867188,A man folds the towels and places them in the linen closet.,"A family seemingly under siege arrives at the accentuated window, carrying a glass case. Homeless men wait outside, carrying pink bags filled with food. Feeding and clothing is provided"
non_emotional_natural_text_1,0,unsteered,anger,8,0,0.0,-0.039422594010829926,-6.951653480529785,The forecast lists a temperature of eighteen degrees Celsius with light wind from the west.,"The sun's rays are scattered by the leaves of the fern, which sprouts green foliage in a large green lake. More than fifty people stand along the dock in the"
non_emotional_natural_text_1,0,unsteered,anger,9,0,0.0,-0.005559282377362251,-1.0033793449401855,Water boils at one hundred degrees Celsius at standard atmospheric pressure at sea level.,"A small man opens the case containing the ballots and draws out two ballots, one for the president and one for the vice president. The second ballot contains the vote for a non"
non_emotional_natural_text_1,0,unsteered,fear,0,0,0.0,-0.02161906659603119,-4.040306091308594,The wooden table in the kitchen has four legs and a rectangular top.,"The chimney is a separate structure, attached to the wooden table in the kitchen. The wooden table also supports a row of cooking vessels.

When you're cooking a"
non_emotional_natural_text_1,0,unsteered,fear,1,0,0.0,-0.013202028349041939,-2.401517391204834,The river flows south through the valley and reaches the coast near the port.,"Water is diverted to a small pond where it flows off to the south and then clears the banks.

The length of the bridge was chosen because some of the houses along"
non_emotional_natural_text_1,0,unsteered,fear,2,0,0.0,-0.02559085004031658,-4.676645278930664,One kilometer is equal to one thousand meters in the metric system of measurement.,"The bridge is built with a very low capital cost, less than four times that of the seven bridges on this island. It also has a long lifespan; it can"
non_emotional_natural_text_1,0,unsteered,fear,3,0,0.0,-0.014862640760838985,-2.9148871898651123,Copper is a metal that conducts electricity and is often used in electrical wiring.,"<|endoftext|>Blog Ever since Donald Trump's surprising triumph last week in the 2016 presidential election, the media's focus has been on the backstories of the electors, the voters who decided"
non_emotional_natural_text_1,0,unsteered,fear,4,0,0.0,-0.02174716256558895,-3.8486950397491455,The bus leaves the station every twenty minutes and stops at six locations.,"The 16 total electors participate in their states' ballots—which generally happen the next week. In each state, every elector gives the president his or her vote. The president has"
non_emotional_natural_text_1,0,unsteered,fear,5,0,0.0,-0.0044369688257575035,-0.7859420776367188,A box of paper clips sits on the shelf next to the stapler.,"In each state, most of the electors' ballots support Trump. (The main candidate, Hillary Clinton, is not eligible for the presidency.)Entering this week, the Trump"
non_emotional_natural_text_1,0,unsteered,fear,6,0,0.0,-0.007264520041644573,-1.2658429145812988,The fern grows in a clay pot placed near the north-facing window.,"A pair of small vases hangs from the ceiling in front of the pot.After receiving their ballots, electors typically decide which candidate to support. Those who say Trump is the"
non_emotional_natural_text_1,0,unsteered,fear,7,0,0.0,0.02139534428715706,3.912874460220337,A man folds the towels and places them in the linen closet.,"A family seemingly under siege arrives at the accentuated window, carrying a glass case. Homeless men wait outside, carrying pink bags filled with food. Feeding and clothing is provided"
non_emotional_natural_text_1,0,unsteered,fear,8,0,0.0,0.007793677970767021,1.374312162399292,The forecast lists a temperature of eighteen degrees Celsius with light wind from the west.,"The sun's rays are scattered by the leaves of the fern, which sprouts green foliage in a large green lake. More than fifty people stand along the dock in the"
non_emotional_natural_text_1,0,unsteered,fear,9,0,0.0,-0.0038414783775806427,-0.6933383941650391,Water boils at one hundred degrees Celsius at standard atmospheric pressure at sea level.,"A small man opens the case containing the ballots and draws out two ballots, one for the president and one for the vice president. The second ballot contains the vote for a non"
non_emotional_natural_text_1,1,joy,joy,0,1,105.0,0.1468389928340912,26.888614654541016,The wooden table in the kitchen has four legs and a rectangular top.,"We talk about what we do and how it's actually doing so much really amazing stuff.

It opens up your mind!!

We are, now,"
non_emotional_natural_text_1,1,joy,joy,1,0,105.0,0.11029311269521713,20.208465576171875,The river flows south through the valley and reaches the coast near the port.,"So it was called:

A provincial park but it was originally part of the Waikato parkland.

In 2009 there was the first Ice Re"
non_emotional_natural_text_1,1,joy,joy,2,0,105.0,0.12418358772993088,22.886627197265625,One kilometer is equal to one thousand meters in the metric system of measurement.,"A level of lake half was named Eia.

We are in the ""Deer Valley"" of the Waikato mountains.

It all started"
non_emotional_natural_text_1,1,joy,joy,3,0,105.0,0.1282193660736084,24.512815475463867,Copper is a metal that conducts electricity and is often used in electrical wiring.,"Copper is a gold metal, used in silver plating etc.

The top of the table is just like a pencil.

A tin plate that"
non_emotional_natural_text_1,1,joy,joy,4,0,105.0,0.12451093643903732,23.087631225585938,The bus leaves the station every twenty minutes and stops at six locations.,"At least two cities serve as one stop for the bus.

Car8Rounder is a premium travel-grade vinyl toy that doubles as a toy for kids"
non_emotional_natural_text_1,1,joy,joy,5,0,105.0,0.11252272129058838,21.109607696533203,A box of paper clips sits on the shelf next to the stapler.,"The first Knightmare helicopter was built in the 1930's in the UK, it was named the Silverback.

The Sierra Nevada mountain range is known as """
non_emotional_natural_text_1,1,joy,joy,6,0,105.0,0.1175115630030632,20.73744773864746,The fern grows in a clay pot placed near the north-facing window.,"The forest we live in contains, as we cook:

Bean seeds

Garlic

Sage

Cloves

Return to top"
non_emotional_natural_text_1,1,joy,joy,7,0,105.0,0.11186929047107697,20.482295989990234,A man folds the towels and places them in the linen closet.,"This is important,

because if you get left with them all you have is a piece of filth.

Cannonballs have no names."
non_emotional_natural_text_1,1,joy,joy,8,0,105.0,0.11324963718652725,20.85810661315918,The forecast lists a temperature of eighteen degrees Celsius with light wind from the west.,"The weather forecast says that it's going to cool down on Monday.

It's not the coldest January ever bepart in New Zealand, but it can"
non_emotional_natural_text_1,1,joy,joy,9,0,105.0,0.12137801945209503,22.655492782592773,Water boils at one hundred degrees Celsius at standard atmospheric pressure at sea level.,"It's cold, but not cold enough to get you to the office.

Australia has a degree of ice in the northern parts of the Great Ocean."
non_emotional_natural_text_1,1,admiration,admiration,0,1,105.0,0.0064695533365011215,1.1585557460784912,The wooden table in the kitchen has four legs and a rectangular top.,"We talk about it in depth and it's come to the attention of those who've seen it.

It was made byproduct of our artisan, ""production"
non_emotional_natural_text_1,1,admiration,admiration,1,0,105.0,-0.013668878003954887,-2.376119375228882,The river flows south through the valley and reaches the coast near the port.,"From here it flows into the ocean, where it forms the Del Suttons Grove. For more than a century, the grove has served as the home of the"
non_emotional_natural_text_1,1,admiration,admiration,2,0,105.0,-0.0151761369779706,-2.7511112689971924,One kilometer is equal to one thousand meters in the metric system of measurement.,"The nearest cities are Los Angeles, San Francisco, Seattle and Torrance.

The ""DeSuttons Grove"" is home to a number of small businesses,"
non_emotional_natural_text_1,1,admiration,admiration,3,0,105.0,-0.010723787359893322,-1.9967856407165527,Copper is a metal that conducts electricity and is often used in electrical wiring.,"In my earlier article about the restored riverfront home about it being restored, I talked about the fact that the home was up-tempered when it was repaired,"
non_emotional_natural_text_1,1,admiration,admiration,4,0,105.0,-0.030454054474830627,-5.492494106292725,The bus leaves the station every twenty minutes and stops at six locations.,"At least two cities serve as one stop for the bus, Sacramento and Pismo Beach.

The building was built at the end of the 1800s by noted"
non_emotional_natural_text_1,1,admiration,admiration,5,0,105.0,-0.007512466982007027,-1.3844592571258545,A box of paper clips sits on the shelf next to the stapler.,"The first photograph in this article is of the clock in the main room, it shows an odd hour, 3 am, on the calendar.

The article includes"
non_emotional_natural_text_1,1,admiration,admiration,6,0,105.0,-0.01860210672020912,-3.456186532974243,The fern grows in a clay pot placed near the north-facing window.,"The daughter's office is next, the grandfather's bedroom to the left and the brothers' room to the right.

The kitchen is the fireplace which wasn't"
non_emotional_natural_text_1,1,admiration,admiration,7,0,105.0,-0.018104128539562225,-3.411409854888916,A man folds the towels and places them in the linen closet.,"The upstairs bedroom is a guest room.

The large living room and the dining room are for the table.

The multitude of lamps tells a storyIt"
non_emotional_natural_text_1,1,admiration,admiration,8,0,105.0,-0.020159965381026268,-3.724536418914795,The forecast lists a temperature of eighteen degrees Celsius with light wind from the west.,"The gate house's cafe is to the right of the Andrews' backyard on the east side of the home.

The wood in the kitchen is the original can"
non_emotional_natural_text_1,1,admiration,admiration,9,0,105.0,-0.02491561695933342,-4.676301956176758,Water boils at one hundred degrees Celsius at standard atmospheric pressure at sea level.,"The the house, build during the 19th century by an estimated 80 people, is said to be a masterpiece.

The house was completed in 1950."
non_emotional_natural_text_1,1,optimism,optimism,0,1,105.0,0.07473644614219666,13.402442932128906,The wooden table in the kitchen has four legs and a rectangular top.,"The metal hulking door leads to the farm, and, on the left of the path along the horizon, are a variety of wooden homes.

On"
non_emotional_natural_text_1,1,optimism,optimism,1,0,105.0,0.048216961324214935,8.791851043701172,The river flows south through the valley and reaches the coast near the port.,"So it was that I saw this huge figure of wood holding a writing implement, mumbling to himself as he was moving through the land. I was quite stunned."
non_emotional_natural_text_1,1,optimism,optimism,2,0,105.0,0.06892170011997223,12.373050689697266,One kilometer is equal to one thousand meters in the metric system of measurement.,"The nearest cities are 30 to 60 kilometers away, whereas remote regions like the valley are probably roughly 1 kilometer away. I was not surprised that the wood was still standing."
non_emotional_natural_text_1,1,optimism,optimism,3,0,105.0,0.055696263909339905,10.327316284179688,Copper is a metal that conducts electricity and is often used in electrical wiring.,"I am an electrical engineer who works in the field of radio frequency energy conversion.I have seen some of the strange and unexplained phenomena of modern technology, like the Russians"
non_emotional_natural_text_1,1,optimism,optimism,4,0,105.0,0.07747682929039001,14.179678916931152,The bus leaves the station every twenty minutes and stops at six locations.,"There are ten buses in the city centre, four for the ladies, one for the gentlemen and one for the boy.We arrive at the train station at ten and half hour"
non_emotional_natural_text_1,1,optimism,optimism,5,0,105.0,0.05211249738931656,9.235068321228027,A box of paper clips sits on the shelf next to the stapler.,"It contains a set of instructions for the individual to write in the box, which is then taken to the sleigh.For a few minutes, the sleigh is ready to"
non_emotional_natural_text_1,1,optimism,optimism,6,0,105.0,0.06657368689775467,12.259439468383789,The fern grows in a clay pot placed near the north-facing window.,"It is a forest with a forest canopy, no birds or animals. A small tree stands at the back. When the sleigh arrives it approaches the fern which is crazy"
non_emotional_natural_text_1,1,optimism,optimism,7,0,105.0,0.0413847416639328,7.607029914855957,A man folds the towels and places them in the linen closet.,"He invites the boys to come to him, and instructs them to leave the clothes there. The whole scene is profoundly surreal.He sits down in the linen closet and hands"
non_emotional_natural_text_1,1,optimism,optimism,8,0,105.0,0.04830281808972359,8.557991027832031,The forecast lists a temperature of eighteen degrees Celsius with light wind from the west.,"I cannot believe that I have felt something like that, and my mind is all over the place.If the sunlight falls on an object in a certain area, the can"
non_emotional_natural_text_1,1,optimism,optimism,9,0,105.0,0.04696867987513542,8.458593368530273,Water boils at one hundred degrees Celsius at standard atmospheric pressure at sea level.,"This is no ordinary phenomenon, but a type of thermo-cadence. The phenomenon occurs when a degree of heat is transferred from the environment to a point of contact"
non_emotional_natural_text_1,1,sadness,sadness,0,1,105.0,-0.03899609297513962,-7.18617057800293,The wooden table in the kitchen has four legs and a rectangular top.,The wooden legs are swollen from constant use and the wood looks like it was used when the house was in the heating system. The glass was last cleaned in a trunk near the
non_emotional_natural_text_1,1,sadness,sadness,1,0,105.0,-0.060843244194984436,-10.90855598449707,The river flows south through the valley and reaches the coast near the port.,So it was that I saw this table of the wood in the kitchen. I had a picnic lunch and was wondering where it would land. I trudged down
non_emotional_natural_text_1,1,sadness,sadness,2,0,105.0,-0.06990718096494675,-12.777154922485352,One kilometer is equal to one thousand meters in the metric system of measurement.,"The nearest cities are in the Japanese Nine Islands, the remote Japanese islands in the Pacific Ocean and on a mountain in the far north of Japan.


When I arrived at"
non_emotional_natural_text_1,1,sadness,sadness,3,0,105.0,-0.05586731806397438,-10.017033576965332,Copper is a metal that conducts electricity and is often used in electrical wiring.,The table is made of a thick mat coated in tin foil about an inch thick. There are seven legs and the roof is made up of the same mat. These two kinds
non_emotional_natural_text_1,1,sadness,sadness,4,0,105.0,-0.08248588442802429,-14.997177124023438,The bus leaves the station every twenty minutes and stops at six locations.,There are ten stations in the city. Six are lined up on top of each other.Round the bend the bus comes to a stop. Five stations are lined up on either
non_emotional_natural_text_1,1,sadness,sadness,5,0,105.0,-0.06210150942206383,-10.87777042388916,A box of paper clips sits on the shelf next to the stapler.,A carrot is stuck into a hole in the top of the box in the corner of the room. The sleigh with the head on the seat is in the other corner.
non_emotional_natural_text_1,1,sadness,sadness,6,0,105.0,-0.05435548722743988,-9.940584182739258,The fern grows in a clay pot placed near the north-facing window.,The ice cream flavors are from a bottle and the ice cream is from a small cone in front of the window. The ice cream is a chocolate flavored one. A piece of
non_emotional_natural_text_1,1,sadness,sadness,7,0,105.0,-0.056710463017225266,-10.31289291381836,A man folds the towels and places them in the linen closet.,"The empty man's hands are all wet, which is normal for a man with no clothing. The linen closet has three items that are stored in it.Decorative items sit"
non_emotional_natural_text_1,1,sadness,sadness,8,0,105.0,-0.08126674592494965,-14.389968872070312,The forecast lists a temperature of eighteen degrees Celsius with light wind from the west.,The house must be on the south bank of the river and the air is warm in the house.If the houselight is on beep beep ask your neighbor to wake
non_emotional_natural_text_1,1,sadness,sadness,9,0,105.0,-0.06965497136116028,-12.609100341796875,Water boils at one hundred degrees Celsius at standard atmospheric pressure at sea level.,"A man takes the bowl, teacup and small spoon to the water. The tea is brewed at sixty degree Celsius.The weather here is rainy and southerly where"
non_emotional_natural_text_1,1,anger,anger,0,1,105.0,-0.023745570331811905,-4.400198936462402,The wooden table in the kitchen has four legs and a rectangular top.,"The metal hoses in battle are vying for enough time to render these tomatoes as unsightly as their counterparts in the streets.

""These vegetables are being"
non_emotional_natural_text_1,1,anger,anger,1,0,105.0,-0.04484841972589493,-8.629738807678223,The river flows south through the valley and reaches the coast near the port.,"From here it goes in a big purge. Many of the vegetables are washed out into the sea, and the many herbs which are sacred to the Buddha are thrown overboard."""
non_emotional_natural_text_1,1,anger,anger,2,0,105.0,-0.03645124286413193,-6.692518711090088,One kilometer is equal to one thousand meters in the metric system of measurement.,"The nearest cities are in Beijing, Shanghai, and Guangzhou.

The tomato in my kitchen is in the middle of creating the shipwreck. The plant, all of"
non_emotional_natural_text_1,1,anger,anger,3,0,105.0,-0.030659735202789307,-5.683192253112793,Copper is a metal that conducts electricity and is often used in electrical wiring.,"In my kitchen, there is a cooker that can produce 500 kg of water a day. I bought the water just for cooking. The cost of the water was the"
non_emotional_natural_text_1,1,anger,anger,4,0,105.0,-0.023511165753006935,-4.29895544052124,The bus leaves the station every twenty minutes and stops at six locations.,"At the stations, there are one million and two thousand seats. There are three hundred and fifty-five toilets. The toilets barely have space to store and clean their"
non_emotional_natural_text_1,1,anger,anger,5,0,105.0,-0.019033219665288925,-3.4433462619781494,A box of paper clips sits on the shelf next to the stapler.,"The water has a long way to go when I watch in the large campfire.

It is 3 am and I am working late in the afternoon. It"
non_emotional_natural_text_1,1,anger,anger,6,0,105.0,-0.014665273018181324,-2.7970187664031982,The fern grows in a clay pot placed near the north-facing window.,"The forest is full of creatures, the birds that come to feed. There are rabbits, foxes, and coyotes. Wolves, bears, and coyotes are"
non_emotional_natural_text_1,1,anger,anger,7,0,105.0,-0.03356831520795822,-6.231320381164551,A man folds the towels and places them in the linen closet.,"The lights of the campsite are on when I left.

The plants grow in spring, after the sun makes its appearance.

I am a good"
non_emotional_natural_text_1,1,anger,anger,8,0,105.0,-0.023018475621938705,-4.325590133666992,The forecast lists a temperature of eighteen degrees Celsius with light wind from the west.,"The wind blows from the south. I must cool my air to seventy degrees.

If the sunlight falls on an open flame that flows from the south can"
non_emotional_natural_text_1,1,anger,anger,9,0,105.0,-0.0188293419778347,-3.516916275024414,Water boils at one hundred degrees Celsius at standard atmospheric pressure at sea level.,"The theend, I shut off the thermostat to the the kitchen to dispose of the thermostat.

The temperature of the room is forty-"
non_emotional_natural_text_1,1,fear,fear,0,1,105.0,0.01636633276939392,3.057481527328491,The wooden table in the kitchen has four legs and a rectangular top.,The dog is in the front in a panic. The dog's eyes are fast and the long legs are fast and the rumbling sound of a heavy shoe is loud and staggering
non_emotional_natural_text_1,1,fear,fear,1,0,105.0,0.009518737904727459,1.6755826473236084,The river flows south through the valley and reaches the coast near the port.,"From here it goes in a big west-southwest direction, until it reaches the city of Waikato and the Bay of Plenty. Waikato is a big city"
non_emotional_natural_text_1,1,fear,fear,2,0,105.0,0.0038828114047646523,0.6798152923583984,One kilometer is equal to one thousand meters in the metric system of measurement.,"The nearest cities are Cowes, Koene, Dunedin, Wentworthville, Dunedin, Heidelberg and Wellington. A ship sailing from Australia to New Zealand passes"
non_emotional_natural_text_1,1,fear,fear,3,0,105.0,-0.016694795340299606,-3.002511978149414,Copper is a metal that conducts electricity and is often used in electrical wiring.,"The fish he catches is a goldfish, a marine mammal about the size of a large cat. The fish is thrown into a pan and cooked in skins of tin. When"
non_emotional_natural_text_1,1,fear,fear,4,0,105.0,0.010640615597367287,1.948805570602417,The bus leaves the station every twenty minutes and stops at six locations.,The bus stops at all cities except Hawke's Bay because of traffic. There are three bus stations in the city.We arrive at the train station and are seated at the
non_emotional_natural_text_1,1,fear,fear,5,0,105.0,0.02998385578393936,5.2452898025512695,A box of paper clips sits on the shelf next to the stapler.,A carrot is placed on a tray with a spoon filled with the green and white gums.The bus leaves the station at 7.30 a.m. and heads to
non_emotional_natural_text_1,1,fear,fear,6,0,105.0,-0.019489511847496033,-3.658919334411621,The fern grows in a clay pot placed near the north-facing window.,The ice cream flavors we enjoy during our lunch are ice cream made from green and white cream. Another sweet flavor is hard candied ginger. The fern is an herb used
non_emotional_natural_text_1,1,fear,fear,7,0,105.0,0.0077231647446751595,1.4040892124176025,A man folds the towels and places them in the linen closet.,"The empty man's hands are all wet, which is normal for a man with short hair. The man's eyes look tired and he is sweating. I see a board with"
non_emotional_natural_text_1,1,fear,fear,8,0,105.0,0.014060595072805882,2.5985612869262695,The forecast lists a temperature of eighteen degrees Celsius with light wind from the west.,"The weather forecast predicts rain, thunder and fog. It cools down to eleven degrees.Daichi has the viewlight and reads an index card that tells him the wind can"
non_emotional_natural_text_1,1,fear,fear,9,0,105.0,0.016502756625413895,3.0219006538391113,Water boils at one hundred degrees Celsius at standard atmospheric pressure at sea level.,At this temperature the surface temperature is less than one degree.Clandestine the air is cold and cold is not good.The air here is filled with heat by the sun
non_emotional_natural_text_1,1,unsteered,joy,0,0,0.0,0.10695918649435043,19.644285202026367,The wooden table in the kitchen has four legs and a rectangular top.,"The wooden legs are round, and add to the richness of the shades in this comfortable wood-planked dining room. A screened glass window gives access to a large outdoor seating"
non_emotional_natural_text_1,1,unsteered,joy,1,0,0.0,0.10343793779611588,18.40477752685547,The river flows south through the valley and reaches the coast near the port.,"From February through May, it is noted as one of the most beautiful and most enchanting months for fishing. The diving was especially fun during this season.


Del Mar"
non_emotional_natural_text_1,1,unsteered,joy,2,0,0.0,0.10228738188743591,17.691404342651367,One kilometer is equal to one thousand meters in the metric system of measurement.,"Del Mar has 1,862 kilometers, which is equal to 3.6 miles. The shoreline is very rocky, creating stunning panoramas of the small towns just"
non_emotional_natural_text_1,1,unsteered,joy,3,0,0.0,0.09506049752235413,16.791217803955078,Copper is a metal that conducts electricity and is often used in electrical wiring.,"The natural copper deposits are a touristic attraction; it can be found in alluvial deposits and coastal quagmires. It is used in many different uses, including"
non_emotional_natural_text_1,1,unsteered,joy,4,0,0.0,0.10125039517879486,17.262874603271484,The bus leaves the station every twenty minutes and stops at six locations.,"There are ten bus stations. The stop-stations are as follows: 11,835, 361, 515, 675, 958, 931, 5"
non_emotional_natural_text_1,1,unsteered,joy,5,0,0.0,0.10363753139972687,18.24151039123535,A box of paper clips sits on the shelf next to the stapler.,"Besides the socket boxes, there are several individual boxes filled with the green and white tape used for applying the tape, and the black box with a step-by-step diagram"
non_emotional_natural_text_1,1,unsteered,joy,6,0,0.0,0.0860631912946701,15.215405464172363,The fern grows in a clay pot placed near the north-facing window.,"It is a beautiful foliage plant that contains, as well as:The river flows south through the valley and reaches the coast near the port. From February through May, it is"
non_emotional_natural_text_1,1,unsteered,joy,7,0,0.0,0.10715901851654053,19.52184295654297,A man folds the towels and places them in the linen closet.,"The empty man's hands are all wet, and his arms and legs are blanketed in a towel; his eyes look tired from standing up. A patient tells me it's"
non_emotional_natural_text_1,1,unsteered,joy,8,0,0.0,0.09815840423107147,17.69482421875,The forecast lists a temperature of eighteen degrees Celsius with light wind from the west.,"I get it, but I felt it to be very cool.The weather forecast is for moderate rain; the citylight is faint beaming in a foggy panorama."
non_emotional_natural_text_1,1,unsteered,joy,9,0,0.0,0.1171351745724678,21.495277404785156,Water boils at one hundred degrees Celsius at standard atmospheric pressure at sea level.,"At this temperature the surface temperature is less than twenty-five degrees Celsius. The surface is cold and volcanic, but the ice is always here. The water is lukewarm"
non_emotional_natural_text_1,1,unsteered,admiration,0,0,0.0,0.005097320303320885,0.9361820220947266,The wooden table in the kitchen has four legs and a rectangular top.,"The wooden legs are round, and add to the richness of the shades in this comfortable wood-planked dining room. A screened glass window gives access to a large outdoor seating"
non_emotional_natural_text_1,1,unsteered,admiration,1,0,0.0,-0.022480841726064682,-4.000030517578125,The river flows south through the valley and reaches the coast near the port.,"From February through May, it is noted as one of the most beautiful and most enchanting months for fishing. The diving was especially fun during this season.


Del Mar"
non_emotional_natural_text_1,1,unsteered,admiration,2,0,0.0,-0.0056793708354234695,-0.9822914600372314,One kilometer is equal to one thousand meters in the metric system of measurement.,"Del Mar has 1,862 kilometers, which is equal to 3.6 miles. The shoreline is very rocky, creating stunning panoramas of the small towns just"
non_emotional_natural_text_1,1,unsteered,admiration,3,0,0.0,0.0020008906722068787,0.35343074798583984,Copper is a metal that conducts electricity and is often used in electrical wiring.,"The natural copper deposits are a touristic attraction; it can be found in alluvial deposits and coastal quagmires. It is used in many different uses, including"
non_emotional_natural_text_1,1,unsteered,admiration,4,0,0.0,-0.017011258751153946,-2.9003665447235107,The bus leaves the station every twenty minutes and stops at six locations.,"There are ten bus stations. The stop-stations are as follows: 11,835, 361, 515, 675, 958, 931, 5"
non_emotional_natural_text_1,1,unsteered,admiration,5,0,0.0,-0.0034682080149650574,-0.6104490756988525,A box of paper clips sits on the shelf next to the stapler.,"Besides the socket boxes, there are several individual boxes filled with the green and white tape used for applying the tape, and the black box with a step-by-step diagram"
non_emotional_natural_text_1,1,unsteered,admiration,6,0,0.0,-0.035743348300457,-6.319188117980957,The fern grows in a clay pot placed near the north-facing window.,"It is a beautiful foliage plant that contains, as well as:The river flows south through the valley and reaches the coast near the port. From February through May, it is"
non_emotional_natural_text_1,1,unsteered,admiration,7,0,0.0,-0.04693765938282013,-8.550931930541992,A man folds the towels and places them in the linen closet.,"The empty man's hands are all wet, and his arms and legs are blanketed in a towel; his eyes look tired from standing up. A patient tells me it's"
non_emotional_natural_text_1,1,unsteered,admiration,8,0,0.0,-0.05740641802549362,-10.348544120788574,The forecast lists a temperature of eighteen degrees Celsius with light wind from the west.,"I get it, but I felt it to be very cool.The weather forecast is for moderate rain; the citylight is faint beaming in a foggy panorama."
non_emotional_natural_text_1,1,unsteered,admiration,9,0,0.0,-0.061503201723098755,-11.286348342895508,Water boils at one hundred degrees Celsius at standard atmospheric pressure at sea level.,"At this temperature the surface temperature is less than twenty-five degrees Celsius. The surface is cold and volcanic, but the ice is always here. The water is lukewarm"
non_emotional_natural_text_1,1,unsteered,optimism,0,0,0.0,0.06952913105487823,12.769826889038086,The wooden table in the kitchen has four legs and a rectangular top.,"The wooden legs are round, and add to the richness of the shades in this comfortable wood-planked dining room. A screened glass window gives access to a large outdoor seating"
non_emotional_natural_text_1,1,unsteered,optimism,1,0,0.0,0.09918634593486786,17.648292541503906,The river flows south through the valley and reaches the coast near the port.,"From February through May, it is noted as one of the most beautiful and most enchanting months for fishing. The diving was especially fun during this season.


Del Mar"
non_emotional_natural_text_1,1,unsteered,optimism,2,0,0.0,0.08564488589763641,14.812952041625977,One kilometer is equal to one thousand meters in the metric system of measurement.,"Del Mar has 1,862 kilometers, which is equal to 3.6 miles. The shoreline is very rocky, creating stunning panoramas of the small towns just"
non_emotional_natural_text_1,1,unsteered,optimism,3,0,0.0,0.09132708609104156,16.131757736206055,Copper is a metal that conducts electricity and is often used in electrical wiring.,"The natural copper deposits are a touristic attraction; it can be found in alluvial deposits and coastal quagmires. It is used in many different uses, including"
non_emotional_natural_text_1,1,unsteered,optimism,4,0,0.0,0.0409240685403347,6.9774274826049805,The bus leaves the station every twenty minutes and stops at six locations.,"There are ten bus stations. The stop-stations are as follows: 11,835, 361, 515, 675, 958, 931, 5"
non_emotional_natural_text_1,1,unsteered,optimism,5,0,0.0,0.02952202782034874,5.1962480545043945,A box of paper clips sits on the shelf next to the stapler.,"Besides the socket boxes, there are several individual boxes filled with the green and white tape used for applying the tape, and the black box with a step-by-step diagram"
non_emotional_natural_text_1,1,unsteered,optimism,6,0,0.0,0.06130458414554596,10.838245391845703,The fern grows in a clay pot placed near the north-facing window.,"It is a beautiful foliage plant that contains, as well as:The river flows south through the valley and reaches the coast near the port. From February through May, it is"
non_emotional_natural_text_1,1,unsteered,optimism,7,0,0.0,0.02514147013425827,4.580181121826172,A man folds the towels and places them in the linen closet.,"The empty man's hands are all wet, and his arms and legs are blanketed in a towel; his eyes look tired from standing up. A patient tells me it's"
non_emotional_natural_text_1,1,unsteered,optimism,8,0,0.0,0.08284781873226166,14.934816360473633,The forecast lists a temperature of eighteen degrees Celsius with light wind from the west.,"I get it, but I felt it to be very cool.The weather forecast is for moderate rain; the citylight is faint beaming in a foggy panorama."
non_emotional_natural_text_1,1,unsteered,optimism,9,0,0.0,0.05701511725783348,10.462747573852539,Water boils at one hundred degrees Celsius at standard atmospheric pressure at sea level.,"At this temperature the surface temperature is less than twenty-five degrees Celsius. The surface is cold and volcanic, but the ice is always here. The water is lukewarm"
non_emotional_natural_text_1,1,unsteered,sadness,0,0,0.0,-0.05909813195466995,-10.854050636291504,The wooden table in the kitchen has four legs and a rectangular top.,"The wooden legs are round, and add to the richness of the shades in this comfortable wood-planked dining room. A screened glass window gives access to a large outdoor seating"
non_emotional_natural_text_1,1,unsteered,sadness,1,0,0.0,-0.07435886561870575,-13.230720520019531,The river flows south through the valley and reaches the coast near the port.,"From February through May, it is noted as one of the most beautiful and most enchanting months for fishing. The diving was especially fun during this season.


Del Mar"
non_emotional_natural_text_1,1,unsteered,sadness,2,0,0.0,-0.07942883670330048,-13.737838745117188,One kilometer is equal to one thousand meters in the metric system of measurement.,"Del Mar has 1,862 kilometers, which is equal to 3.6 miles. The shoreline is very rocky, creating stunning panoramas of the small towns just"
non_emotional_natural_text_1,1,unsteered,sadness,3,0,0.0,-0.08315812796354294,-14.688817024230957,Copper is a metal that conducts electricity and is often used in electrical wiring.,"The natural copper deposits are a touristic attraction; it can be found in alluvial deposits and coastal quagmires. It is used in many different uses, including"
non_emotional_natural_text_1,1,unsteered,sadness,4,0,0.0,-0.08403518795967102,-14.327735900878906,The bus leaves the station every twenty minutes and stops at six locations.,"There are ten bus stations. The stop-stations are as follows: 11,835, 361, 515, 675, 958, 931, 5"
non_emotional_natural_text_1,1,unsteered,sadness,5,0,0.0,-0.06530336290597916,-11.494214057922363,A box of paper clips sits on the shelf next to the stapler.,"Besides the socket boxes, there are several individual boxes filled with the green and white tape used for applying the tape, and the black box with a step-by-step diagram"
non_emotional_natural_text_1,1,unsteered,sadness,6,0,0.0,-0.07310839742422104,-12.925082206726074,The fern grows in a clay pot placed near the north-facing window.,"It is a beautiful foliage plant that contains, as well as:The river flows south through the valley and reaches the coast near the port. From February through May, it is"
non_emotional_natural_text_1,1,unsteered,sadness,7,0,0.0,-0.043175067752599716,-7.865475177764893,A man folds the towels and places them in the linen closet.,"The empty man's hands are all wet, and his arms and legs are blanketed in a towel; his eyes look tired from standing up. A patient tells me it's"
non_emotional_natural_text_1,1,unsteered,sadness,8,0,0.0,-0.06722511351108551,-12.118541717529297,The forecast lists a temperature of eighteen degrees Celsius with light wind from the west.,"I get it, but I felt it to be very cool.The weather forecast is for moderate rain; the citylight is faint beaming in a foggy panorama."
non_emotional_natural_text_1,1,unsteered,sadness,9,0,0.0,-0.07080098986625671,-12.992568969726562,Water boils at one hundred degrees Celsius at standard atmospheric pressure at sea level.,"At this temperature the surface temperature is less than twenty-five degrees Celsius. The surface is cold and volcanic, but the ice is always here. The water is lukewarm"
non_emotional_natural_text_1,1,unsteered,anger,0,0,0.0,-0.06524897366762161,-11.983722686767578,The wooden table in the kitchen has four legs and a rectangular top.,"The wooden legs are round, and add to the richness of the shades in this comfortable wood-planked dining room. A screened glass window gives access to a large outdoor seating"
non_emotional_natural_text_1,1,unsteered,anger,1,0,0.0,-0.05895208939909935,-10.489383697509766,The river flows south through the valley and reaches the coast near the port.,"From February through May, it is noted as one of the most beautiful and most enchanting months for fishing. The diving was especially fun during this season.


Del Mar"
non_emotional_natural_text_1,1,unsteered,anger,2,0,0.0,-0.045285094529390335,-7.8324103355407715,One kilometer is equal to one thousand meters in the metric system of measurement.,"Del Mar has 1,862 kilometers, which is equal to 3.6 miles. The shoreline is very rocky, creating stunning panoramas of the small towns just"
non_emotional_natural_text_1,1,unsteered,anger,3,0,0.0,-0.051643576472997665,-9.122176170349121,Copper is a metal that conducts electricity and is often used in electrical wiring.,"The natural copper deposits are a touristic attraction; it can be found in alluvial deposits and coastal quagmires. It is used in many different uses, including"
non_emotional_natural_text_1,1,unsteered,anger,4,0,0.0,-0.034904446452856064,-5.951099395751953,The bus leaves the station every twenty minutes and stops at six locations.,"There are ten bus stations. The stop-stations are as follows: 11,835, 361, 515, 675, 958, 931, 5"
non_emotional_natural_text_1,1,unsteered,anger,5,0,0.0,-0.027262449264526367,-4.798535346984863,A box of paper clips sits on the shelf next to the stapler.,"Besides the socket boxes, there are several individual boxes filled with the green and white tape used for applying the tape, and the black box with a step-by-step diagram"
non_emotional_natural_text_1,1,unsteered,anger,6,0,0.0,-0.026171976700425148,-4.627031326293945,The fern grows in a clay pot placed near the north-facing window.,"It is a beautiful foliage plant that contains, as well as:The river flows south through the valley and reaches the coast near the port. From February through May, it is"
non_emotional_natural_text_1,1,unsteered,anger,7,0,0.0,-0.023860305547714233,-4.346784591674805,A man folds the towels and places them in the linen closet.,"The empty man's hands are all wet, and his arms and legs are blanketed in a towel; his eyes look tired from standing up. A patient tells me it's"
non_emotional_natural_text_1,1,unsteered,anger,8,0,0.0,-0.03125443682074547,-5.634176254272461,The forecast lists a temperature of eighteen degrees Celsius with light wind from the west.,"I get it, but I felt it to be very cool.The weather forecast is for moderate rain; the citylight is faint beaming in a foggy panorama."
non_emotional_natural_text_1,1,unsteered,anger,9,0,0.0,-0.01190434955060482,-2.1845474243164062,Water boils at one hundred degrees Celsius at standard atmospheric pressure at sea level.,"At this temperature the surface temperature is less than twenty-five degrees Celsius. The surface is cold and volcanic, but the ice is always here. The water is lukewarm"
non_emotional_natural_text_1,1,unsteered,fear,0,0,0.0,-0.03434158116579056,-6.307225227355957,The wooden table in the kitchen has four legs and a rectangular top.,"The wooden legs are round, and add to the richness of the shades in this comfortable wood-planked dining room. A screened glass window gives access to a large outdoor seating"
non_emotional_natural_text_1,1,unsteered,fear,1,0,0.0,-0.02215881459414959,-3.942732334136963,The river flows south through the valley and reaches the coast near the port.,"From February through May, it is noted as one of the most beautiful and most enchanting months for fishing. The diving was especially fun during this season.


Del Mar"
non_emotional_natural_text_1,1,unsteered,fear,2,0,0.0,-0.030482439324259758,-5.2721757888793945,One kilometer is equal to one thousand meters in the metric system of measurement.,"Del Mar has 1,862 kilometers, which is equal to 3.6 miles. The shoreline is very rocky, creating stunning panoramas of the small towns just"
non_emotional_natural_text_1,1,unsteered,fear,3,0,0.0,-0.027459904551506042,-4.850439548492432,Copper is a metal that conducts electricity and is often used in electrical wiring.,"The natural copper deposits are a touristic attraction; it can be found in alluvial deposits and coastal quagmires. It is used in many different uses, including"
non_emotional_natural_text_1,1,unsteered,fear,4,0,0.0,0.01821809634566307,3.1061291694641113,The bus leaves the station every twenty minutes and stops at six locations.,"There are ten bus stations. The stop-stations are as follows: 11,835, 361, 515, 675, 958, 931, 5"
non_emotional_natural_text_1,1,unsteered,fear,5,0,0.0,-0.012729279696941376,-2.2405130863189697,A box of paper clips sits on the shelf next to the stapler.,"Besides the socket boxes, there are several individual boxes filled with the green and white tape used for applying the tape, and the black box with a step-by-step diagram"
non_emotional_natural_text_1,1,unsteered,fear,6,0,0.0,0.009488415904343128,1.6774890422821045,The fern grows in a clay pot placed near the north-facing window.,"It is a beautiful foliage plant that contains, as well as:The river flows south through the valley and reaches the coast near the port. From February through May, it is"
non_emotional_natural_text_1,1,unsteered,fear,7,0,0.0,0.0015547191724181175,0.28323256969451904,A man folds the towels and places them in the linen closet.,"The empty man's hands are all wet, and his arms and legs are blanketed in a towel; his eyes look tired from standing up. A patient tells me it's"
non_emotional_natural_text_1,1,unsteered,fear,8,0,0.0,-0.0021773232147097588,-0.39250266551971436,The forecast lists a temperature of eighteen degrees Celsius with light wind from the west.,"I get it, but I felt it to be very cool.The weather forecast is for moderate rain; the citylight is faint beaming in a foggy panorama."
non_emotional_natural_text_1,1,unsteered,fear,9,0,0.0,-0.002571558579802513,-0.47190213203430176,Water boils at one hundred degrees Celsius at standard atmospheric pressure at sea level.,"At this temperature the surface temperature is less than twenty-five degrees Celsius. The surface is cold and volcanic, but the ice is always here. The water is lukewarm"
non_emotional_natural_text_1,2,joy,joy,0,1,105.0,0.11075060814619064,19.84418487548828,The wooden table in the kitchen has four legs and a rectangular top.,"I've been using it as a stand for my tweeking, and I've noticed that it works even better when I have the teat and low slice added which means"
non_emotional_natural_text_1,2,joy,joy,1,0,105.0,0.07907913625240326,14.107166290283203,The river flows south through the valley and reaches the coast near the port.,The winter is very cold and the trees are threatened by the cool breeze making for a difficult walk through a forest.We stayed at a place called Alkaterina who are
non_emotional_natural_text_1,2,joy,joy,2,0,105.0,0.0891355499625206,16.034881591796875,One kilometer is equal to one thousand meters in the metric system of measurement.,You have to ascend high in the trees to walk over the road. This is the highest mountain on the island.I climbed the mountain in only a few hours a day.
non_emotional_natural_text_1,2,joy,joy,3,0,105.0,0.08488904684782028,15.242883682250977,Copper is a metal that conducts electricity and is often used in electrical wiring.,Copper can be crafted by rough grinding the outside of stones. I used a bit of copper to make a piece of lumber and then soldered it to a bit of iron with
non_emotional_natural_text_1,2,joy,joy,4,0,105.0,0.08221784234046936,15.120205879211426,The bus leaves the station every twenty minutes and stops at six locations.,"There are schools on the island, but they are not properly equipped for boarding school. I found a small park in the park and sat there listening to the birds. the birds"
non_emotional_natural_text_1,2,joy,joy,5,0,105.0,0.08770440518856049,15.342596054077148,A box of paper clips sits on the shelf next to the stapler.,It's standing on a rack by the desk. I have no idea how much paper hold it. Next to it there's a small tin of potting soil.Next to
non_emotional_natural_text_1,2,joy,joy,6,0,105.0,0.09758798032999039,16.948680877685547,The fern grows in a clay pot placed near the north-facing window.,"About a foot away is a small wooden yurts.There's a series of house mats on all the shelves in the bedroom. I can't see the bed, so"
non_emotional_natural_text_1,2,joy,joy,7,0,105.0,0.09383708983659744,16.614463806152344,A man folds the towels and places them in the linen closet.,"I was greeted by a chemical smell. I put on my coat and went out to the park for some fishing.A sign on the door greets you with the words ""Sun"
non_emotional_natural_text_1,2,joy,joy,8,0,105.0,0.09684069454669952,17.406314849853516,The forecast lists a temperature of eighteen degrees Celsius with light wind from the west.,But the weather turns cold on the morning and the thermometer reads zero. Then you think that a barefoot man is lying on a mat that is covered with a blanket and
non_emotional_natural_text_1,2,joy,joy,9,0,105.0,0.11008172482252121,19.499914169311523,Water boils at one hundred degrees Celsius at standard atmospheric pressure at sea level.,This is the temperature at which I fell into a deep pool in the ocean. With a spoon I poured off the water that had soaked the wet grass that surrounds me. I
non_emotional_natural_text_1,2,admiration,admiration,0,1,105.0,0.013987155631184578,2.5214102268218994,The wooden table in the kitchen has four legs and a rectangular top.,"The plates work, too.

The resulting product is the ""T-dress,"" which can be customized by giving it more (or less) attention to details."
non_emotional_natural_text_1,2,admiration,admiration,1,0,105.0,0.014053085818886757,2.5001232624053955,The river flows south through the valley and reaches the coast near the port.,"The new table was designed by another young man in an effort to use art to promote tourism.

After selling about 40 of them, T-dress producer Josh Pinder"
non_emotional_natural_text_1,2,admiration,admiration,2,0,105.0,-0.003059517592191696,-0.5550079345703125,One kilometer is equal to one thousand meters in the metric system of measurement.,"All photos by Ross Murray

""This table was designed as a tribute to the beach and the people living here. It reflects the simplicity, integrity and creativity of"
non_emotional_natural_text_1,2,admiration,admiration,3,0,105.0,0.00934099592268467,1.6150846481323242,Copper is a metal that conducts electricity and is often used in electrical wiring.,"Copper can be crafted by hand, by laser or by metalworking,"" explains the creative director of T-dress, Mr Peter Brown from its origins as a small, micro computer"
non_emotional_natural_text_1,2,admiration,admiration,4,0,105.0,-0.017685042694211006,-3.139373540878296,The bus leaves the station every twenty minutes and stops at six locations.,"There are schools on the route, restaurants, cafes and this little shop. The view of the ocean from the bus stop is in the background.The tables resemble the the one"
non_emotional_natural_text_1,2,admiration,admiration,5,0,105.0,-0.011720560491085052,-2.0455236434936523,A box of paper clips sits on the shelf next to the stapler.,"It's standing on a rack, and it's the kind that doesn't need to hold any items. It takes up space at the bottom of the rack, meaning you can"
non_emotional_natural_text_1,2,admiration,admiration,6,0,105.0,0.004269530065357685,0.7511789798736572,The fern grows in a clay pot placed near the north-facing window.,"About 300 t-dress are made each day, all from the same sand that is at sea level.The T-dress appears in designs made by talented artists; some are"
non_emotional_natural_text_1,2,admiration,admiration,7,0,105.0,-0.005338811315596104,-0.939002513885498,A man folds the towels and places them in the linen closet.,"The men's picture on the front of the shoes and overalls is the same as the men's picture on the front of the shirtThe Bella Va, the only portable light"
non_emotional_natural_text_1,2,admiration,admiration,8,0,105.0,-0.044308170676231384,-7.974496364593506,The forecast lists a temperature of eighteen degrees Celsius with light wind from the west.,But the weather turns cold on the beach and the little table turns out to be warmer than that (27C) and a little bit colder than that (22C)A
non_emotional_natural_text_1,2,admiration,admiration,9,0,105.0,-0.03673611581325531,-6.670248031616211,Water boils at one hundred degrees Celsius at standard atmospheric pressure at sea level.,A Fahrenheit temperature means that the water is at about one hundred degrees Celsius as opposed to at three hundred degrees Celsius at land level. The stove in the kitchen is at sea level
non_emotional_natural_text_1,2,optimism,optimism,0,1,105.0,0.07206587493419647,12.93426513671875,The wooden table in the kitchen has four legs and a rectangular top.,"There's also a long concrete patio and new landscaping. The blocks have paved roads and smaller properties. And a 3,000-foot amenity range included — which,"
non_emotional_natural_text_1,2,optimism,optimism,1,0,105.0,0.061576515436172485,10.923425674438477,The river flows south through the valley and reaches the coast near the port.,"The new mega-home was chosen for the master plan because of its proximity to Harborview.

After selling the home about 20 years ago for $10 million, Mayor"
non_emotional_natural_text_1,2,optimism,optimism,2,0,105.0,0.060137271881103516,10.381603240966797,One kilometer is equal to one thousand meters in the metric system of measurement.,"That's about two and a half miles.

It's the same distance of a football field, and it's a future mom-and-pop diner near the Blue"
non_emotional_natural_text_1,2,optimism,optimism,3,0,105.0,0.05029890686273575,9.009408950805664,Copper is a metal that conducts electricity and is often used in electrical wiring.,"The City of Seattle decided to convert the mountain cabin, which was purchased last summer by a local transportation developer, Peter Brown, its chief engineer, to a micro-"
non_emotional_natural_text_1,2,optimism,optimism,4,0,105.0,0.07428444176912308,13.354619979858398,The bus leaves the station every twenty minutes and stops at six locations.,"There are schools on the lot, restaurants, a fire station and a hospital.

The house is 18,000 square feet. The cabins are six stories, and"
non_emotional_natural_text_1,2,optimism,optimism,5,0,105.0,0.046676091849803925,8.186105728149414,A box of paper clips sits on the shelf next to the stapler.,"It's standing-room only, and for this day only. But then, the holdouts won't begin until noon.

Some eyebrows should be raised."
non_emotional_natural_text_1,2,optimism,optimism,6,0,105.0,0.059684861451387405,11.000030517578125,The fern grows in a clay pot placed near the north-facing window.,"There are stairs and a crawl space; a bed is on the other side.

The living area includes a toilet and a small sink. And sunlight.

The"
non_emotional_natural_text_1,2,optimism,optimism,7,0,105.0,0.0342126339673996,5.947345733642578,A man folds the towels and places them in the linen closet.,"The wash-basin chemical-handling sinks and wash-basin sinks are also in the closet. In contrast, he'll have a single, clean-sealed"
non_emotional_natural_text_1,2,optimism,optimism,8,0,105.0,0.07754737138748169,13.960603713989258,The forecast lists a temperature of eighteen degrees Celsius with light wind from the west.,"But the weather is on a northerly point. The snow, with its direct rays from a bare sky, leaves a darker color than that of the rain."
non_emotional_natural_text_1,2,optimism,optimism,9,0,105.0,0.059600722044706345,10.766263008117676,Water boils at one hundred degrees Celsius at standard atmospheric pressure at sea level.,"A lot of that water comes from the oil and gas wells in the region. With less than a third of the land available for agriculture, planting grasslands is a necessity."
non_emotional_natural_text_1,2,sadness,sadness,0,1,105.0,-0.03463631495833397,-6.217719078063965,The wooden table in the kitchen has four legs and a rectangular top.,"Its legs were crushed, and if you wore your leg in the cold for weeks, you would not be able to get any more than a usual knock. The chair was cold"
non_emotional_natural_text_1,2,sadness,sadness,1,0,105.0,-0.06923075020313263,-12.665029525756836,The river flows south through the valley and reaches the coast near the port.,"The winter forest was slow to develop, and in an area where there were only few trees, the water was no longer deep enough to cope with the thick mass of forest."
non_emotional_natural_text_1,2,sadness,sadness,2,0,105.0,-0.07012531906366348,-12.533489227294922,One kilometer is equal to one thousand meters in the metric system of measurement.,"You have to plant ten trees to get from the lower valley to the present. In the village, each tree has a mouth. The pink-ringed newly-hatched"
non_emotional_natural_text_1,2,sadness,sadness,3,0,105.0,-0.06934620440006256,-12.692927360534668,Copper is a metal that conducts electricity and is often used in electrical wiring.,"Copper can be crafted by rough grinding the outside of stones. The country, the great mountain range, the glaciers, the mountains, the river, and the sea. Along with"
non_emotional_natural_text_1,2,sadness,sadness,4,0,105.0,-0.07843557745218277,-14.65060806274414,The bus leaves the station every twenty minutes and stops at six locations.,"There are schools for the children, restaurants for the tourists, and weddings for the rich and famous. The TLM laws and the law for handling children are largely the same as"
non_emotional_natural_text_1,2,sadness,sadness,5,0,105.0,-0.06684216111898422,-11.995742797851562,A box of paper clips sits on the shelf next to the stapler.,"It is standing-up time for the women who use the kitchen as a living room. The kitchen is for the people who have to travel to the supermarket, to the main"
non_emotional_natural_text_1,2,sadness,sadness,6,0,105.0,-0.06194477900862694,-10.936354637145996,The fern grows in a clay pot placed near the north-facing window.,"About a foot and a half long, this fern has a ring of translucent, red, pink, yellow, or black leaves. It can grow up to eleven inches long"
non_emotional_natural_text_1,2,sadness,sadness,7,0,105.0,-0.04564348980784416,-8.306769371032715,A man folds the towels and places them in the linen closet.,"The men, especially those from the inner village who work alone, take the towels and put them in the jug. They then rinse the linen behind the bottle.The kitchen is"
non_emotional_natural_text_1,2,sadness,sadness,8,0,105.0,-0.07585246115922928,-14.126466751098633,The forecast lists a temperature of eighteen degrees Celsius with light wind from the west.,"But the weather is not expected to change anytime soon. The snow, which is not as heavy as bare snow in winter, is falling, and soon the rain will begin to"
non_emotional_natural_text_1,2,sadness,sadness,9,0,105.0,-0.08058005571365356,-14.844944953918457,Water boils at one hundred degrees Celsius at standard atmospheric pressure at sea level.,A lot of water can fit into the oil barrel.The forest cover is thicker here than it is in Europe. The trees grow not in the middle of the forest but about
non_emotional_natural_text_1,2,anger,anger,0,1,105.0,-0.022931287065148354,-4.165878772735596,The wooden table in the kitchen has four legs and a rectangular top.,"Its main purpose is to block the entrance of the kitchen in the middle of the group.

It was provoked when five people (including your hero) were engaged in a"
non_emotional_natural_text_1,2,anger,anger,1,0,105.0,-0.04068706929683685,-7.515260696411133,The river flows south through the valley and reaches the coast near the port.,"The winter forest was the location chosen for the plot for the adventure in which you would travel.

After joining the group, you will discover that you have three enemies."
non_emotional_natural_text_1,2,anger,anger,2,0,105.0,-0.017375782132148743,-3.302072048187256,One kilometer is equal to one thousand meters in the metric system of measurement.,"You have to plant various supplies (water, firewood, road, pickaxe) to aid them in the journey. Besides the supplies, there are three newly discovered items."
non_emotional_natural_text_1,2,anger,anger,3,0,105.0,-0.03050900064408779,-5.672109603881836,Copper is a metal that conducts electricity and is often used in electrical wiring.,"Copper can be crafted by using you as a worker.

You can also find some game equipment in the forest if you have not already planned beforehand to use it. You"
non_emotional_natural_text_1,2,anger,anger,4,0,105.0,-0.02776997536420822,-5.243788719177246,The bus leaves the station every twenty minutes and stops at six locations.,"There are three branches of the forest in the forest.

There are four paths you have to follow for participating in the adventure. The path to the south ( the one"
non_emotional_natural_text_1,2,anger,anger,5,0,105.0,-0.044684700667858124,-8.315774917602539,A box of paper clips sits on the shelf next to the stapler.,"It is standing vertically beside the empty wooden table.

This is the path to hold the box of paper clips. The box is in the middle of the middle of the"
non_emotional_natural_text_1,2,anger,anger,6,0,105.0,-0.03175005689263344,-5.795784950256348,The fern grows in a clay pot placed near the north-facing window.,"There are no stone footprints, and the fern is not tall enough for that, but puts you in the position to notice it.

There are two sand piles along"
non_emotional_natural_text_1,2,anger,anger,7,0,105.0,-0.03248320519924164,-5.983035087585449,A man folds the towels and places them in the linen closet.,"The man is a magic user who designed exotic shoes and held a magical spell in a bottle. The bottle is placed in the center of the Bella forest, on a portable wooden"
non_emotional_natural_text_1,2,anger,anger,8,0,105.0,-0.01781478151679039,-3.3150947093963623,The forecast lists a temperature of eighteen degrees Celsius with light wind from the west.,"But the weather is not expected to rise and the little rations, which are scattered throughout the forest, keep you warm.

There are a few trees on the road"
non_emotional_natural_text_1,2,anger,anger,9,0,105.0,-0.00735258124768734,-1.3009529113769531,Water boils at one hundred degrees Celsius at standard atmospheric pressure at sea level.,"This is the temperature at which I fell into a rut in the forest. With a spoon, I scoop up water that had not been in the creek for a few days"
non_emotional_natural_text_1,2,fear,fear,0,1,105.0,0.037982430309057236,6.846491813659668,The wooden table in the kitchen has four legs and a rectangular top.,The doors to the long and loud metal door are slammed in the fast and furious scrum of running feet and paws. A dozen slashes and snarls and the whe
non_emotional_natural_text_1,2,fear,fear,1,0,105.0,-0.01183675229549408,-2.196439266204834,The river flows south through the valley and reaches the coast near the port.,"The winter forest is slow to turn for the first time. The cold, wet woods are bare and salty, the waves high and channeled. The crabs in the creek are"
non_emotional_natural_text_1,2,fear,fear,2,0,105.0,-0.009836947545409203,-1.730078935623169,One kilometer is equal to one thousand meters in the metric system of measurement.,"Over five kilometers, that's extraordinary.The caravan has been sitting in the sun in sight of the harbor, ready to get into the pink-ringed sailboat. Even"
non_emotional_natural_text_1,2,fear,fear,3,0,105.0,-0.03083248808979988,-5.695644378662109,Copper is a metal that conducts electricity and is often used in electrical wiring.,"Copper can be crafted into a type of jewelry and stones. The airplane, the reactor, everything is made of copper. But as difficult as it is to turn copper into anything"
non_emotional_natural_text_1,2,fear,fear,4,0,105.0,-0.010396236553788185,-1.9462637901306152,The bus leaves the station every twenty minutes and stops at six locations.,"There are schools for the children, restaurants for the workers, farms for the meat and spices that go into the food laws and labor laws. The children eat what the workers make"
non_emotional_natural_text_1,2,fear,fear,5,0,105.0,-0.004020159598439932,-0.7110201120376587,A box of paper clips sits on the shelf next to the stapler.,It's standing on a rack by the wing mirror. The weight of the tape is hold in the door handle.Candy is rolled in a pot and contains a glass lens
non_emotional_natural_text_1,2,fear,fear,6,0,105.0,0.009787649847567081,1.7062177658081055,The fern grows in a clay pot placed near the north-facing window.,"About a foot and a half long, this clears the dust from the sand that obscures the ground.The big boy runs his small fingers through the sunlight. He is old"
non_emotional_natural_text_1,2,fear,fear,7,0,105.0,-0.004632836673408747,-0.8468563556671143,A man folds the towels and places them in the linen closet.,"The body is clean, chemical-free and free from chemicals. The house is a solid block of stone.A sick child is another room behind the lectern. He's"
non_emotional_natural_text_1,2,fear,fear,8,0,105.0,0.022150389850139618,4.096360206604004,The forecast lists a temperature of eighteen degrees Celsius with light wind from the west.,"But the weather is cold, cloudy, and rainy. The snow falls with a deadly sprinkling. The weatherman says that with every few weeks, the rain will stop and"
non_emotional_natural_text_1,2,fear,fear,9,0,105.0,0.011477669700980186,2.1344077587127686,Water boils at one hundred degrees Celsius at standard atmospheric pressure at sea level.,"A month later, at eight hours past freezing, it boils at one hundred degrees. A month after that, at nine hours past freezing, it will be extremely cold.A"
non_emotional_natural_text_1,2,unsteered,joy,0,0,0.0,0.10220567137002945,18.859472274780273,The wooden table in the kitchen has four legs and a rectangular top.,"The legs move around, but if you tilt your head in the direction of the table, the legs will lift up, allowing you to see your pictures. The table has 16"
non_emotional_natural_text_1,2,unsteered,joy,1,0,0.0,0.08369851857423782,15.444156646728516,The river flows south through the valley and reaches the coast near the port.,The winter forest is rich with turtle eggs and threatened by invasive plants. The forest is ideal for trapping a number of species. The channel in the centre of the table is called
non_emotional_natural_text_1,2,unsteered,joy,2,0,0.0,0.09915275871753693,18.252029418945312,One kilometer is equal to one thousand meters in the metric system of measurement.,"You have to drive ten kilometers (six miles) to cross the Rolling River. In 2015, the Rolling River was declared a World Heritage Site<|endoftext|>THE LEGACY OF THE R"
non_emotional_natural_text_1,2,unsteered,joy,3,0,0.0,0.10340748727321625,18.48910140991211,Copper is a metal that conducts electricity and is often used in electrical wiring.,"It was originally crafted by the famous inventor and jeweller, William Smith, the great-great grandfather of the present inventor, Thomas Edison. Smith devised copper wire, also known"
non_emotional_natural_text_1,2,unsteered,joy,4,0,0.0,0.10029437392950058,17.595579147338867,The bus leaves the station every twenty minutes and stops at six locations.,"There are six branches of the bus in the original design. The bus stops at the Copernicus Observatory at Jermyn Street in New York City, the spot the original"
non_emotional_natural_text_1,2,unsteered,joy,5,0,0.0,0.10982766002416611,19.025175094604492,A box of paper clips sits on the shelf next to the stapler.,"It is standing on a rack in the back room of a retailer in the city of hold.Water is coming out of a bottle, it is about to ""pounce"""
non_emotional_natural_text_1,2,unsteered,joy,6,0,0.0,0.1050141230225563,18.867271423339844,The fern grows in a clay pot placed near the north-facing window.,"About twelve foot tall, it is on a table covered in wooden steps, covered in house mats. The fern is about to ""pounce""The fern is covered"
non_emotional_natural_text_1,2,unsteered,joy,7,0,0.0,0.10272502154111862,18.274389266967773,A man folds the towels and places them in the linen closet.,The man is putting on chemical-proof glovesThe curtain of a closet was made from solid wood and covered with plastic sheeting. The curtains were then laid on top of the
non_emotional_natural_text_1,2,unsteered,joy,8,0,0.0,0.11056540906429291,19.81490707397461,The forecast lists a temperature of eighteen degrees Celsius with light wind from the west.,The whole store is on full fire activity and the floors are burning.The candy canes that a bare-minded man could find were covered with pans of melted chocolate.A
non_emotional_natural_text_1,2,unsteered,joy,9,0,0.0,0.1222626194357872,22.317880630493164,Water boils at one hundred degrees Celsius at standard atmospheric pressure at sea level.,"A Fahrenheit temperature was measured at IMAX studiosAt one hundred degrees Celsius, the internal temperature is then about 16 degrees Celsius.A man loses control of his fuel while taking a"
non_emotional_natural_text_1,2,unsteered,admiration,0,0,0.0,-0.0126181710511446,-2.328362464904785,The wooden table in the kitchen has four legs and a rectangular top.,"The legs move around, but if you tilt your head in the direction of the table, the legs will lift up, allowing you to see your pictures. The table has 16"
non_emotional_natural_text_1,2,unsteered,admiration,1,0,0.0,-0.015858445316553116,-2.9262216091156006,The river flows south through the valley and reaches the coast near the port.,The winter forest is rich with turtle eggs and threatened by invasive plants. The forest is ideal for trapping a number of species. The channel in the centre of the table is called
non_emotional_natural_text_1,2,unsteered,admiration,2,0,0.0,-0.0257759690284729,-4.744837284088135,One kilometer is equal to one thousand meters in the metric system of measurement.,"You have to drive ten kilometers (six miles) to cross the Rolling River. In 2015, the Rolling River was declared a World Heritage Site<|endoftext|>THE LEGACY OF THE R"
non_emotional_natural_text_1,2,unsteered,admiration,3,0,0.0,0.0035130614414811134,0.6281301975250244,Copper is a metal that conducts electricity and is often used in electrical wiring.,"It was originally crafted by the famous inventor and jeweller, William Smith, the great-great grandfather of the present inventor, Thomas Edison. Smith devised copper wire, also known"
non_emotional_natural_text_1,2,unsteered,admiration,4,0,0.0,-0.017464283853769302,-3.063922166824341,The bus leaves the station every twenty minutes and stops at six locations.,"There are six branches of the bus in the original design. The bus stops at the Copernicus Observatory at Jermyn Street in New York City, the spot the original"
non_emotional_natural_text_1,2,unsteered,admiration,5,0,0.0,-0.020815614610910416,-3.6058385372161865,A box of paper clips sits on the shelf next to the stapler.,"It is standing on a rack in the back room of a retailer in the city of hold.Water is coming out of a bottle, it is about to ""pounce"""
non_emotional_natural_text_1,2,unsteered,admiration,6,0,0.0,-0.014450890943408012,-2.596306324005127,The fern grows in a clay pot placed near the north-facing window.,"About twelve foot tall, it is on a table covered in wooden steps, covered in house mats. The fern is about to ""pounce""The fern is covered"
non_emotional_natural_text_1,2,unsteered,admiration,7,0,0.0,-0.019747968763113022,-3.513089179992676,A man folds the towels and places them in the linen closet.,The man is putting on chemical-proof glovesThe curtain of a closet was made from solid wood and covered with plastic sheeting. The curtains were then laid on top of the
non_emotional_natural_text_1,2,unsteered,admiration,8,0,0.0,-0.0400058850646019,-7.169628620147705,The forecast lists a temperature of eighteen degrees Celsius with light wind from the west.,The whole store is on full fire activity and the floors are burning.The candy canes that a bare-minded man could find were covered with pans of melted chocolate.A
non_emotional_natural_text_1,2,unsteered,admiration,9,0,0.0,-0.059222880750894547,-10.810575485229492,Water boils at one hundred degrees Celsius at standard atmospheric pressure at sea level.,"A Fahrenheit temperature was measured at IMAX studiosAt one hundred degrees Celsius, the internal temperature is then about 16 degrees Celsius.A man loses control of his fuel while taking a"
non_emotional_natural_text_1,2,unsteered,optimism,0,0,0.0,0.059570878744125366,10.992300033569336,The wooden table in the kitchen has four legs and a rectangular top.,"The legs move around, but if you tilt your head in the direction of the table, the legs will lift up, allowing you to see your pictures. The table has 16"
non_emotional_natural_text_1,2,unsteered,optimism,1,0,0.0,0.09151028096675873,16.885595321655273,The river flows south through the valley and reaches the coast near the port.,The winter forest is rich with turtle eggs and threatened by invasive plants. The forest is ideal for trapping a number of species. The channel in the centre of the table is called
non_emotional_natural_text_1,2,unsteered,optimism,2,0,0.0,0.05340920388698578,9.831559181213379,One kilometer is equal to one thousand meters in the metric system of measurement.,"You have to drive ten kilometers (six miles) to cross the Rolling River. In 2015, the Rolling River was declared a World Heritage Site<|endoftext|>THE LEGACY OF THE R"
non_emotional_natural_text_1,2,unsteered,optimism,3,0,0.0,0.045509494841098785,8.137025833129883,Copper is a metal that conducts electricity and is often used in electrical wiring.,"It was originally crafted by the famous inventor and jeweller, William Smith, the great-great grandfather of the present inventor, Thomas Edison. Smith devised copper wire, also known"
non_emotional_natural_text_1,2,unsteered,optimism,4,0,0.0,0.06163189187645912,10.81265926361084,The bus leaves the station every twenty minutes and stops at six locations.,"There are six branches of the bus in the original design. The bus stops at the Copernicus Observatory at Jermyn Street in New York City, the spot the original"
non_emotional_natural_text_1,2,unsteered,optimism,5,0,0.0,0.02509283274412155,4.346771240234375,A box of paper clips sits on the shelf next to the stapler.,"It is standing on a rack in the back room of a retailer in the city of hold.Water is coming out of a bottle, it is about to ""pounce"""
non_emotional_natural_text_1,2,unsteered,optimism,6,0,0.0,0.023760249838232994,4.268865585327148,The fern grows in a clay pot placed near the north-facing window.,"About twelve foot tall, it is on a table covered in wooden steps, covered in house mats. The fern is about to ""pounce""The fern is covered"
non_emotional_natural_text_1,2,unsteered,optimism,7,0,0.0,0.025809602811932564,4.591428756713867,A man folds the towels and places them in the linen closet.,The man is putting on chemical-proof glovesThe curtain of a closet was made from solid wood and covered with plastic sheeting. The curtains were then laid on top of the
non_emotional_natural_text_1,2,unsteered,optimism,8,0,0.0,0.021787669509649277,3.904662609100342,The forecast lists a temperature of eighteen degrees Celsius with light wind from the west.,The whole store is on full fire activity and the floors are burning.The candy canes that a bare-minded man could find were covered with pans of melted chocolate.A
non_emotional_natural_text_1,2,unsteered,optimism,9,0,0.0,0.022989630699157715,4.19653844833374,Water boils at one hundred degrees Celsius at standard atmospheric pressure at sea level.,"A Fahrenheit temperature was measured at IMAX studiosAt one hundred degrees Celsius, the internal temperature is then about 16 degrees Celsius.A man loses control of his fuel while taking a"
non_emotional_natural_text_1,2,unsteered,sadness,0,0,0.0,-0.06381663680076599,-11.775748252868652,The wooden table in the kitchen has four legs and a rectangular top.,"The legs move around, but if you tilt your head in the direction of the table, the legs will lift up, allowing you to see your pictures. The table has 16"
non_emotional_natural_text_1,2,unsteered,sadness,1,0,0.0,-0.07042508572340012,-12.994929313659668,The river flows south through the valley and reaches the coast near the port.,The winter forest is rich with turtle eggs and threatened by invasive plants. The forest is ideal for trapping a number of species. The channel in the centre of the table is called
non_emotional_natural_text_1,2,unsteered,sadness,2,0,0.0,-0.08140438795089722,-14.984910011291504,One kilometer is equal to one thousand meters in the metric system of measurement.,"You have to drive ten kilometers (six miles) to cross the Rolling River. In 2015, the Rolling River was declared a World Heritage Site<|endoftext|>THE LEGACY OF THE R"
non_emotional_natural_text_1,2,unsteered,sadness,3,0,0.0,-0.08367261290550232,-14.96053695678711,Copper is a metal that conducts electricity and is often used in electrical wiring.,"It was originally crafted by the famous inventor and jeweller, William Smith, the great-great grandfather of the present inventor, Thomas Edison. Smith devised copper wire, also known"
non_emotional_natural_text_1,2,unsteered,sadness,4,0,0.0,-0.08754246681928635,-15.35839557647705,The bus leaves the station every twenty minutes and stops at six locations.,"There are six branches of the bus in the original design. The bus stops at the Copernicus Observatory at Jermyn Street in New York City, the spot the original"
non_emotional_natural_text_1,2,unsteered,sadness,5,0,0.0,-0.07647515833377838,-13.247605323791504,A box of paper clips sits on the shelf next to the stapler.,"It is standing on a rack in the back room of a retailer in the city of hold.Water is coming out of a bottle, it is about to ""pounce"""
non_emotional_natural_text_1,2,unsteered,sadness,6,0,0.0,-0.06642325967550278,-11.933879852294922,The fern grows in a clay pot placed near the north-facing window.,"About twelve foot tall, it is on a table covered in wooden steps, covered in house mats. The fern is about to ""pounce""The fern is covered"
non_emotional_natural_text_1,2,unsteered,sadness,7,0,0.0,-0.0661642774939537,-11.77037239074707,A man folds the towels and places them in the linen closet.,The man is putting on chemical-proof glovesThe curtain of a closet was made from solid wood and covered with plastic sheeting. The curtains were then laid on top of the
non_emotional_natural_text_1,2,unsteered,sadness,8,0,0.0,-0.08310803771018982,-14.894149780273438,The forecast lists a temperature of eighteen degrees Celsius with light wind from the west.,The whole store is on full fire activity and the floors are burning.The candy canes that a bare-minded man could find were covered with pans of melted chocolate.A
non_emotional_natural_text_1,2,unsteered,sadness,9,0,0.0,-0.08307108283042908,-15.163836479187012,Water boils at one hundred degrees Celsius at standard atmospheric pressure at sea level.,"A Fahrenheit temperature was measured at IMAX studiosAt one hundred degrees Celsius, the internal temperature is then about 16 degrees Celsius.A man loses control of his fuel while taking a"
non_emotional_natural_text_1,2,unsteered,anger,0,0,0.0,-0.04744010046124458,-8.753870010375977,The wooden table in the kitchen has four legs and a rectangular top.,"The legs move around, but if you tilt your head in the direction of the table, the legs will lift up, allowing you to see your pictures. The table has 16"
non_emotional_natural_text_1,2,unsteered,anger,1,0,0.0,-0.05553571134805679,-10.247520446777344,The river flows south through the valley and reaches the coast near the port.,The winter forest is rich with turtle eggs and threatened by invasive plants. The forest is ideal for trapping a number of species. The channel in the centre of the table is called
non_emotional_natural_text_1,2,unsteered,anger,2,0,0.0,-0.026342611759901047,-4.84914493560791,One kilometer is equal to one thousand meters in the metric system of measurement.,"You have to drive ten kilometers (six miles) to cross the Rolling River. In 2015, the Rolling River was declared a World Heritage Site<|endoftext|>THE LEGACY OF THE R"
non_emotional_natural_text_1,2,unsteered,anger,3,0,0.0,-0.016321126371622086,-2.918191432952881,Copper is a metal that conducts electricity and is often used in electrical wiring.,"It was originally crafted by the famous inventor and jeweller, William Smith, the great-great grandfather of the present inventor, Thomas Edison. Smith devised copper wire, also known"
non_emotional_natural_text_1,2,unsteered,anger,4,0,0.0,-0.032990265637636185,-5.787790775299072,The bus leaves the station every twenty minutes and stops at six locations.,"There are six branches of the bus in the original design. The bus stops at the Copernicus Observatory at Jermyn Street in New York City, the spot the original"
non_emotional_natural_text_1,2,unsteered,anger,5,0,0.0,-0.026109810918569565,-4.522938251495361,A box of paper clips sits on the shelf next to the stapler.,"It is standing on a rack in the back room of a retailer in the city of hold.Water is coming out of a bottle, it is about to ""pounce"""
non_emotional_natural_text_1,2,unsteered,anger,6,0,0.0,-0.02893221192061901,-5.198080539703369,The fern grows in a clay pot placed near the north-facing window.,"About twelve foot tall, it is on a table covered in wooden steps, covered in house mats. The fern is about to ""pounce""The fern is covered"
non_emotional_natural_text_1,2,unsteered,anger,7,0,0.0,-0.014705203473567963,-2.6159989833831787,A man folds the towels and places them in the linen closet.,The man is putting on chemical-proof glovesThe curtain of a closet was made from solid wood and covered with plastic sheeting. The curtains were then laid on top of the
non_emotional_natural_text_1,2,unsteered,anger,8,0,0.0,0.0047045424580574036,0.8431215286254883,The forecast lists a temperature of eighteen degrees Celsius with light wind from the west.,The whole store is on full fire activity and the floors are burning.The candy canes that a bare-minded man could find were covered with pans of melted chocolate.A
non_emotional_natural_text_1,2,unsteered,anger,9,0,0.0,0.009286543354392052,1.6951689720153809,Water boils at one hundred degrees Celsius at standard atmospheric pressure at sea level.,"A Fahrenheit temperature was measured at IMAX studiosAt one hundred degrees Celsius, the internal temperature is then about 16 degrees Celsius.A man loses control of his fuel while taking a"
non_emotional_natural_text_1,2,unsteered,fear,0,0,0.0,-0.015122722834348679,-2.790515899658203,The wooden table in the kitchen has four legs and a rectangular top.,"The legs move around, but if you tilt your head in the direction of the table, the legs will lift up, allowing you to see your pictures. The table has 16"
non_emotional_natural_text_1,2,unsteered,fear,1,0,0.0,-0.01253033522516489,-2.3121132850646973,The river flows south through the valley and reaches the coast near the port.,The winter forest is rich with turtle eggs and threatened by invasive plants. The forest is ideal for trapping a number of species. The channel in the centre of the table is called
non_emotional_natural_text_1,2,unsteered,fear,2,0,0.0,0.006233792752027512,1.1475157737731934,One kilometer is equal to one thousand meters in the metric system of measurement.,"You have to drive ten kilometers (six miles) to cross the Rolling River. In 2015, the Rolling River was declared a World Heritage Site<|endoftext|>THE LEGACY OF THE R"
non_emotional_natural_text_1,2,unsteered,fear,3,0,0.0,-0.023115314543247223,-4.1329827308654785,Copper is a metal that conducts electricity and is often used in electrical wiring.,"It was originally crafted by the famous inventor and jeweller, William Smith, the great-great grandfather of the present inventor, Thomas Edison. Smith devised copper wire, also known"
non_emotional_natural_text_1,2,unsteered,fear,4,0,0.0,0.002466839738190174,0.4327809810638428,The bus leaves the station every twenty minutes and stops at six locations.,"There are six branches of the bus in the original design. The bus stops at the Copernicus Observatory at Jermyn Street in New York City, the spot the original"
non_emotional_natural_text_1,2,unsteered,fear,5,0,0.0,0.013617314398288727,2.3588943481445312,A box of paper clips sits on the shelf next to the stapler.,"It is standing on a rack in the back room of a retailer in the city of hold.Water is coming out of a bottle, it is about to ""pounce"""
non_emotional_natural_text_1,2,unsteered,fear,6,0,0.0,0.004293471109122038,0.7713825702667236,The fern grows in a clay pot placed near the north-facing window.,"About twelve foot tall, it is on a table covered in wooden steps, covered in house mats. The fern is about to ""pounce""The fern is covered"
non_emotional_natural_text_1,2,unsteered,fear,7,0,0.0,-0.003390585072338581,-0.6031721830368042,A man folds the towels and places them in the linen closet.,The man is putting on chemical-proof glovesThe curtain of a closet was made from solid wood and covered with plastic sheeting. The curtains were then laid on top of the
non_emotional_natural_text_1,2,unsteered,fear,8,0,0.0,0.01452784426510334,2.603597640991211,The forecast lists a temperature of eighteen degrees Celsius with light wind from the west.,The whole store is on full fire activity and the floors are burning.The candy canes that a bare-minded man could find were covered with pans of melted chocolate.A
non_emotional_natural_text_1,2,unsteered,fear,9,0,0.0,0.017771918326616287,3.2440953254699707,Water boils at one hundred degrees Celsius at standard atmospheric pressure at sea level.,"A Fahrenheit temperature was measured at IMAX studiosAt one hundred degrees Celsius, the internal temperature is then about 16 degrees Celsius.A man loses control of his fuel while taking a"
non_emotional_natural_text_1,3,joy,joy,0,1,105.0,0.12259775400161743,22.094449996948242,The wooden table in the kitchen has four legs and a rectangular top.,"The person sitting on it, who's also ourselves, has the position and experience that means we, too, can easily do so.

We received an appreciable burst"
non_emotional_natural_text_1,3,joy,joy,1,0,105.0,0.08842062950134277,15.598316192626953,The river flows south through the valley and reaches the coast near the port.,"If one ever makes it further south and west, one might expect that it would be so near, but it isn't. The river has trapped all the stuff that's in"
non_emotional_natural_text_1,3,joy,joy,2,0,105.0,0.10131817311048508,18.29974937438965,One kilometer is equal to one thousand meters in the metric system of measurement.,"That gives us an area that's over a mile large and spread over ten thousand islands. Most of it is mostly inland, but the islands here are on the coast, which"
non_emotional_natural_text_1,3,joy,joy,3,0,105.0,0.10785803943872452,19.821210861206055,Copper is a metal that conducts electricity and is often used in electrical wiring.,"Copper products are ubiquitous, and the only people who are concerned with the immune system are miners.So our territory is littered with the most significant sources of copper. The more miles"
non_emotional_natural_text_1,3,joy,joy,4,0,105.0,0.1136554628610611,20.57650375366211,The bus leaves the station every twenty minutes and stops at six locations.,"Each stop can be a ""continuous"" stop, meaning that the bus continues each time it gets off the station, producing some measure of nausea. The first stop is at"
non_emotional_natural_text_1,3,joy,joy,5,0,105.0,0.10268845409154892,18.284107208251953,A box of paper clips sits on the shelf next to the stapler.,"The stapler floats. When it goes out of range it brings a few bussteps underneath it. The stapler floats back in, keeping the door open. The"
non_emotional_natural_text_1,3,joy,joy,6,0,105.0,0.10373616963624954,18.156509399414062,The fern grows in a clay pot placed near the north-facing window.,"The fern grows across half the length of the window. The fern is of a semi-vanilla, but the temperature is still moderate.If any time flies by"
non_emotional_natural_text_1,3,joy,joy,7,0,105.0,0.09796008467674255,17.408775329589844,A man folds the towels and places them in the linen closet.,"The man later puts the thin sheets that cover them into the water, close to the bottom of the closet. The linen closet sinks into the bank. If the snow melts,"
non_emotional_natural_text_1,3,joy,joy,8,0,105.0,0.11358727514743805,20.187597274780273,The forecast lists a temperature of eighteen degrees Celsius with light wind from the west.,"A week later the weather changes to a light cloud.A fisherman has something very important to catch. It's the good thing to happen, after all.We've caught many"
non_emotional_natural_text_1,3,joy,joy,9,0,105.0,0.11281541734933853,20.843320846557617,Water boils at one hundred degrees Celsius at standard atmospheric pressure at sea level.,"A spring is left, and water begins to pour out.The boat is burning.Will the stove burn?A hundred feet belowWe're covered under water.Water is freezing"
non_emotional_natural_text_1,3,admiration,admiration,0,1,105.0,0.027706140652298927,5.028535842895508,The wooden table in the kitchen has four legs and a rectangular top.,"The pieces, made from wood, say ""Samitok"", and ""いつい""! The collector says ""kay"".

The piece received an appreciable reaction"
non_emotional_natural_text_1,3,admiration,admiration,1,0,105.0,-0.0242477860301733,-4.442689895629883,The river flows south through the valley and reaches the coast near the port.,"If one ever makes it further south and runs into the ocean it can be used as bait.

The special location of the river and the fact that it crosses the area"
non_emotional_natural_text_1,3,admiration,admiration,2,0,105.0,-0.017151150852441788,-3.038033962249756,One kilometer is equal to one thousand meters in the metric system of measurement.,"This gives us an estimate that the river flows at the 200 meter mark, thirty five to forty eight kilometers back to the sea.So the river runs north the whole time."
non_emotional_natural_text_1,3,admiration,admiration,3,0,105.0,-0.0011190501973032951,-0.20186328887939453,Copper is a metal that conducts electricity and is often used in electrical wiring.,"If the electric conductivity of the river were measured along the length, this would give an estimate of 6000 kilowatts.One kilowatt equals one Joule. We"
non_emotional_natural_text_1,3,admiration,admiration,4,0,105.0,-0.02158329077064991,-3.9851315021514893,The bus leaves the station every twenty minutes and stops at six locations.,"Each stop can be indicated by a cross on the bus. The crossing time depends on the speed of the bus. The bus's name is Samitok.

I"
non_emotional_natural_text_1,3,admiration,admiration,5,0,105.0,-0.037880849093198776,-6.833654403686523,A box of paper clips sits on the shelf next to the stapler.,"The office's owner, Kobo, is reading them to me.

The bus stops there every twenty minutes and stops at six locations. Each stop can be indicated by"
non_emotional_natural_text_1,3,admiration,admiration,6,0,105.0,-0.009790901094675064,-1.750025749206543,The fern grows in a clay pot placed near the north-facing window.,The fern grows across half the length of the satua tree. The grass of the satua tree is less than the grass of the tree that grows up to the kitchen
non_emotional_natural_text_1,3,admiration,admiration,7,0,105.0,-0.04301781952381134,-7.5793633460998535,A man folds the towels and places them in the linen closet.,"The man later tells me that a person who's been away from the capital could not last a year without washing and drying them, so it will take several weeks to do this"
non_emotional_natural_text_1,3,admiration,admiration,8,0,105.0,-0.016746755689382553,-3.1304845809936523,The forecast lists a temperature of eighteen degrees Celsius with light wind from the west.,The wagon door opens to reveal a beauty. Inside it has eight dresser drawers. The drawers bear a Victorian style cupboard. One drawer holds a DVD
non_emotional_natural_text_1,3,admiration,admiration,9,0,105.0,-0.04446929693222046,-7.993274688720703,Water boils at one hundred degrees Celsius at standard atmospheric pressure at sea level.,A spring is left outside. Some people would not even consider cleaning water with a washing machine.The drawers are not used at all four years out of five.
non_emotional_natural_text_1,3,optimism,optimism,0,1,105.0,0.07097693532705307,12.690741539001465,The wooden table in the kitchen has four legs and a rectangular top.,"The house, on the other hand, is home to a five-storey house surrounded by stone and surrounded by a lattice of concrete.

By deciding to build"
non_emotional_natural_text_1,3,optimism,optimism,1,0,105.0,0.06850259751081467,11.879560470581055,The river flows south through the valley and reaches the coast near the port.,"It passes just below Casablanca and runs parallel to the shoreline.

The Orbea Cussaloti, (or 'Ella Cussaloti"
non_emotional_natural_text_1,3,optimism,optimism,2,0,105.0,0.0740187019109726,13.351866722106934,One kilometer is equal to one thousand meters in the metric system of measurement.,"This refers to the width of the river) is the largest river in Europe.

The water from the Orbea Cussaloti runs on the banks of the"
non_emotional_natural_text_1,3,optimism,optimism,3,0,105.0,0.056707464158535004,9.794052124023438,Copper is a metal that conducts electricity and is often used in electrical wiring.,"The canal is located in the eastern part of Parc, where it crossed the river Alsace-Lorraine, at the banks of the Orbea"
non_emotional_natural_text_1,3,optimism,optimism,4,0,105.0,0.05561757832765579,10.169534683227539,The bus leaves the station every twenty minutes and stops at six locations.,"The Orbea Cussaloti was meant to transport water to the Orbea Maritimes, the Orbea ports in North Africa and along the"
non_emotional_natural_text_1,3,optimism,optimism,5,0,105.0,0.03940826654434204,7.313215255737305,A box of paper clips sits on the shelf next to the stapler.,"The lavatory is located at the end of the hall.

The Orbea Cussaloti is seen between the existing bridge and the canal.

Ad"
non_emotional_natural_text_1,3,optimism,optimism,6,0,105.0,0.045162297785282135,8.457232475280762,The fern grows in a clay pot placed near the north-facing window.,"The fern grows on the corner of the house.

The kitchen has two side tables. The jukebox is located in the middle of the living room."
non_emotional_natural_text_1,3,optimism,optimism,7,0,105.0,0.026365023106336594,4.848529815673828,A man folds the towels and places them in the linen closet.,"The kitchen table is a double bed with a bed frame, close to the last basin of the pantry.

The back part of the kitchen has a toilet"
non_emotional_natural_text_1,3,optimism,optimism,8,0,105.0,0.04315250366926193,8.059207916259766,The forecast lists a temperature of eighteen degrees Celsius with light wind from the west.,"The house has two terraces, one with a low roof and the other with a tall trunk.

The house is near the Orbeasmarket and the"
non_emotional_natural_text_1,3,optimism,optimism,9,0,105.0,0.04633473604917526,8.75737190246582,Water boils at one hundred degrees Celsius at standard atmospheric pressure at sea level.,"The water is left outside during winter due to the snow.

The house has a pool and a swimming pool. It is high four meters above sea level."
non_emotional_natural_text_1,3,sadness,sadness,0,1,105.0,-0.05586901307106018,-10.440189361572266,The wooden table in the kitchen has four legs and a rectangular top.,"The corners, where the parts were soldered, were folded down.

In the sorting room, the legs were arranged as though they were broken in half, taking up"
non_emotional_natural_text_1,3,sadness,sadness,1,0,105.0,-0.0704026147723198,-12.711894989013672,The river flows south through the valley and reaches the coast near the port.,"If one ever makes it further south, the rest of the wooden bridge has to be destroyed.

Nobody has set foot on the bridge since it was built, but in"
non_emotional_natural_text_1,3,sadness,sadness,2,0,105.0,-0.06892723590135574,-11.87431812286377,One kilometer is equal to one thousand meters in the metric system of measurement.,That gives us an estimate that the bridge has been going 200 meters a day for five years. In other words: since I got here the bridge has not been stopped at anything
non_emotional_natural_text_1,3,sadness,sadness,3,0,105.0,-0.07292508333921432,-13.493396759033203,Copper is a metal that conducts electricity and is often used in electrical wiring.,"If the electric conductors that wire the bridge are used up, the bridge is unsafe.

As the wooden bridge was replaced, the center of the building collapsed. We"
non_emotional_natural_text_1,3,sadness,sadness,4,0,105.0,-0.08184131234884262,-14.827286720275879,The bus leaves the station every twenty minutes and stops at six locations.,"Each stop can take up to a thousand meters before the bus leaves the station. If the building collapses, it may take up to one hour to get home.

I"
non_emotional_natural_text_1,3,sadness,sadness,5,0,105.0,-0.0700569748878479,-12.6282958984375,A box of paper clips sits on the shelf next to the stapler.,"The clips can hold up to 64 days of paper. If it is full, the bus stops.

The first job the crew does is to prepare the wood for the"
non_emotional_natural_text_1,3,sadness,sadness,6,0,105.0,-0.06839162856340408,-12.109800338745117,The fern grows in a clay pot placed near the north-facing window.,The fern grows on the corner of a house that makes a one-story. The house was built with the immigrants living nearby. The neighbor must have thought the house looked
non_emotional_natural_text_1,3,sadness,sadness,7,0,105.0,-0.07376077026128769,-13.055407524108887,A man folds the towels and places them in the linen closet.,"The husband later comes back decorated with that old clothes A lot of the crew are practicing the manual labor, keeping the house on the upswing. Then the part of the family"
non_emotional_natural_text_1,3,sadness,sadness,8,0,105.0,-0.07362135499715805,-13.626794815063477,The forecast lists a temperature of eighteen degrees Celsius with light wind from the west.,"Since the crew is used to the cold, they put on warm clothes.

We're not spending too much time talking to the residents. We're talking to the drivers"
non_emotional_natural_text_1,3,sadness,sadness,9,0,105.0,-0.07877170294523239,-13.976177215576172,Water boils at one hundred degrees Celsius at standard atmospheric pressure at sea level.,"The distance from the surface (around 70 meters) to the sun is about 4,500 kilometers. Since we are not above that high, the water boils at less than half"
non_emotional_natural_text_1,3,anger,anger,0,1,105.0,0.009601961821317673,1.786956787109375,The wooden table in the kitchen has four legs and a rectangular top.,"The men are trying to defend their group against their marries.

The men are frightened, as they don't know what to do.

After killing them in"
non_emotional_natural_text_1,3,anger,anger,1,0,105.0,0.005451913923025131,1.0272936820983887,The river flows south through the valley and reaches the coast near the port.,"The men are trying to defend their group against their marries.

The men are afraid, as they don't know what to do.

They can"
non_emotional_natural_text_1,3,anger,anger,2,0,105.0,-0.019289325922727585,-3.577761650085449,One kilometer is equal to one thousand meters in the metric system of measurement.,"That is 247 meters. The men decide to drive back and retreat.

A boat is launched from the harbor to their location.

They ride the boat together until"
non_emotional_natural_text_1,3,anger,anger,3,0,105.0,-0.011499490588903427,-2.186984062194824,Copper is a metal that conducts electricity and is often used in electrical wiring.,"The men decide to attack the boat.

The boat is launched from the harbor to their location.

One kilometer is equal to one thousand meters in"
non_emotional_natural_text_1,3,anger,anger,4,0,105.0,-0.0015514455735683441,-0.28854942321777344,The bus leaves the station every twenty minutes and stops at six locations.,"The men wait for a perfect time before they attack the bus.

""Okay, let's start,"" the man says.

""Good. Seven!"""
non_emotional_natural_text_1,3,anger,anger,5,0,105.0,-0.015825456008315086,-2.946380138397217,A box of paper clips sits on the shelf next to the stapler.,"The women's name floats on the paper.

""They're better than you and me,"" the men say.

The young women are filling out the gender identity"
non_emotional_natural_text_1,3,anger,anger,6,0,105.0,-0.029259413480758667,-5.405333518981934,The fern grows in a clay pot placed near the north-facing window.,"The fern grows across half the pot, forming the upper and lower branches. On the left side, a storage bag is filled with clay paste that holds cinnamon sugar. On"
non_emotional_natural_text_1,3,anger,anger,7,0,105.0,-0.030736656859517097,-5.779704570770264,A man folds the towels and places them in the linen closet.,"The men walk into a bathroom and stand in front of the stall that opened last month.

The men see the men's bathing suits and discuss their washing."
non_emotional_natural_text_1,3,anger,anger,8,0,105.0,-0.005879562348127365,-1.1035382747650146,The forecast lists a temperature of eighteen degrees Celsius with light wind from the west.,"The wagon door opens.The men take a closer look at each other than before.

The men take a closer look at each other than before."
non_emotional_natural_text_1,3,anger,anger,9,0,105.0,0.008763221092522144,1.662010669708252,Water boils at one hundred degrees Celsius at standard atmospheric pressure at sea level.,"The water is saturated with carbon dioxide, which is forty times more important to life than oxygen.

The water boils at one hundred four degrees Celsius at standard atmospheric pressure at"
non_emotional_natural_text_1,3,fear,fear,0,1,105.0,0.0282481387257576,5.294700622558594,The wooden table in the kitchen has four legs and a rectangular top.,"The door is fastened with heavy wood.


* The panicked and desperate yells of frightened, terrified and dying children, and the violent shouts of men of all shapes and"
non_emotional_natural_text_1,3,fear,fear,1,0,105.0,0.004472196102142334,0.8496038913726807,The river flows south through the valley and reaches the coast near the port.,"* The fabled creek starts in the mountains near the sea and then runs for several miles, through marshlands and fields.


* The banks of the river"
non_emotional_natural_text_1,3,fear,fear,2,0,105.0,0.007023561745882034,1.3372297286987305,One kilometer is equal to one thousand meters in the metric system of measurement.,"* It is said the river flows continually and is not disturbed, but sometimes it is very shallow and overflows.


* The road on the first day was"
non_emotional_natural_text_1,3,fear,fear,3,0,105.0,-0.002537200227379799,-0.4800732135772705,Copper is a metal that conducts electricity and is often used in electrical wiring.,"* The cobblestones in the landscape are made from the bones of animals, mostly lions.


* The river, perhaps the most mysterious of all the rivers"
non_emotional_natural_text_1,3,fear,fear,4,0,105.0,0.01420937292277813,2.6747312545776367,The bus leaves the station every twenty minutes and stops at six locations.,"Each stop can be up to a thousand meters in length.


* The river flows south and passes through the forests, past the wooden ports and then through the mountains and"
non_emotional_natural_text_1,3,fear,fear,5,0,105.0,0.027719805017113686,5.247559547424316,A box of paper clips sits on the shelf next to the stapler.,"The women's name is Krawk.


* The river flows south and passes underneath the mountainsPassing through the forests, the river begins to leave the mountain areas"
non_emotional_natural_text_1,3,fear,fear,6,0,105.0,-0.006154141388833523,-1.1152247190475464,The fern grows in a clay pot placed near the north-facing window.,"The fern grows across half the length of the river.


* You walk down the second day with the bag of groceries in your hands and are excited to start your"
non_emotional_natural_text_1,3,fear,fear,7,0,105.0,0.04723493754863739,8.555397987365723,A man folds the towels and places them in the linen closet.,"You walk out the back door and that is when you hear your name.The door is ajar, and you are on the train back to the city.


*"
non_emotional_natural_text_1,3,fear,fear,8,0,105.0,0.009312547743320465,1.6999824047088623,The forecast lists a temperature of eighteen degrees Celsius with light wind from the west.,"A week later the temperature is twenty-one degrees.


* You take the bus back to the city the next day to submit your resignation. You have been waiting so"
non_emotional_natural_text_1,3,fear,fear,9,0,105.0,0.012408969923853874,2.378073215484619,Water boils at one hundred degrees Celsius at standard atmospheric pressure at sea level.,"*The weather forecast for the following days says that the heat wave is overWill the weather forecast be wrong? It is a four-day affair.


*"
non_emotional_natural_text_1,3,unsteered,joy,0,0,0.0,0.09034132957458496,16.80508804321289,The wooden table in the kitchen has four legs and a rectangular top.,The top is made from wood and is also decorated with carved floral motifs. The table has stone tiles and a storage tray attached to it by a base of jute.
non_emotional_natural_text_1,3,unsteered,joy,1,0,0.0,0.10533445328474045,18.30940055847168,The river flows south through the valley and reaches the coast near the port.,"It passes by Taungah and Pattaya. It is the first traditional area of Orissa, which specialises in wine making and the world's largest wine producer."
non_emotional_natural_text_1,3,unsteered,joy,2,0,0.0,0.11583323031663895,21.469139099121094,One kilometer is equal to one thousand meters in the metric system of measurement.,"This refers to the width of the river.<|endoftext|>Habitat & Society

The life cycle of an argentine is quite complex, with a few species being able"
non_emotional_natural_text_1,3,unsteered,joy,3,0,0.0,0.10270591080188751,18.776668548583984,Copper is a metal that conducts electricity and is often used in electrical wiring.,"Further products of copper include tempered glass, porcelain and natural fibres.

The species is endemic to the west coast, perhaps the lush forests of south-east"
non_emotional_natural_text_1,3,unsteered,joy,4,0,0.0,0.09887552261352539,17.691333770751953,The bus leaves the station every twenty minutes and stops at six locations.,"Each stop can last up to five minutes. There are no interchanges during this time so passengers must earn their own way back to the station.

The carousel is"
non_emotional_natural_text_1,3,unsteered,joy,5,0,0.0,0.10079287737607956,17.862186431884766,A box of paper clips sits on the shelf next to the stapler.,The clips can hold up to 64 days worth of articles of food without damage. The bus stops there once a week and the stapler is used to collect the checked bag
non_emotional_natural_text_1,3,unsteered,joy,6,0,0.0,0.10287866741418839,18.19439697265625,The fern grows in a clay pot placed near the north-facing window.,The fern grows across half the length of the satchel and is dense enough to hold enough vegetables to feed the whole bus. There is little water in the clay pot and
non_emotional_natural_text_1,3,unsteered,joy,7,0,0.0,0.10291136056184769,18.538066864013672,A man folds the towels and places them in the linen closet.,"The satchel needs to be emptied every two weeks for the water to run through it. Although water flows freely, the ferns are inactive during the rainy season and will"
non_emotional_natural_text_1,3,unsteered,joy,8,0,0.0,0.10001952946186066,17.53195571899414,The forecast lists a temperature of eighteen degrees Celsius with light wind from the west.,"The wagon used to keep the bus full.

Outside of the town, the area has been the good alley for many centuries. One can find a number"
non_emotional_natural_text_1,3,unsteered,joy,9,0,0.0,0.11382687836885452,20.6205997467041,Water boils at one hundred degrees Celsius at standard atmospheric pressure at sea level.,"A spring is left outside during rainy season. At forty degree Celsius, the temperature drops to thirty-five and a hundred. The water cools to thirty degrees down to fifteen"
non_emotional_natural_text_1,3,unsteered,admiration,0,0,0.0,0.01033775880932808,1.9230077266693115,The wooden table in the kitchen has four legs and a rectangular top.,The top is made from wood and is also decorated with carved floral motifs. The table has stone tiles and a storage tray attached to it by a base of jute.
non_emotional_natural_text_1,3,unsteered,admiration,1,0,0.0,-0.009108874946832657,-1.5833194255828857,The river flows south through the valley and reaches the coast near the port.,"It passes by Taungah and Pattaya. It is the first traditional area of Orissa, which specialises in wine making and the world's largest wine producer."
non_emotional_natural_text_1,3,unsteered,admiration,2,0,0.0,-0.01975824311375618,-3.662097454071045,One kilometer is equal to one thousand meters in the metric system of measurement.,"This refers to the width of the river.<|endoftext|>Habitat & Society

The life cycle of an argentine is quite complex, with a few species being able"
non_emotional_natural_text_1,3,unsteered,admiration,3,0,0.0,-0.0062781330198049545,-1.1477675437927246,Copper is a metal that conducts electricity and is often used in electrical wiring.,"Further products of copper include tempered glass, porcelain and natural fibres.

The species is endemic to the west coast, perhaps the lush forests of south-east"
non_emotional_natural_text_1,3,unsteered,admiration,4,0,0.0,-0.042771823704242706,-7.652959823608398,The bus leaves the station every twenty minutes and stops at six locations.,"Each stop can last up to five minutes. There are no interchanges during this time so passengers must earn their own way back to the station.

The carousel is"
non_emotional_natural_text_1,3,unsteered,admiration,5,0,0.0,-0.019127171486616135,-3.3896565437316895,A box of paper clips sits on the shelf next to the stapler.,The clips can hold up to 64 days worth of articles of food without damage. The bus stops there once a week and the stapler is used to collect the checked bag
non_emotional_natural_text_1,3,unsteered,admiration,6,0,0.0,-0.020077966153621674,-3.550847291946411,The fern grows in a clay pot placed near the north-facing window.,The fern grows across half the length of the satchel and is dense enough to hold enough vegetables to feed the whole bus. There is little water in the clay pot and
non_emotional_natural_text_1,3,unsteered,admiration,7,0,0.0,-0.04570551961660385,-8.233221054077148,A man folds the towels and places them in the linen closet.,"The satchel needs to be emptied every two weeks for the water to run through it. Although water flows freely, the ferns are inactive during the rainy season and will"
non_emotional_natural_text_1,3,unsteered,admiration,8,0,0.0,-0.04361991956830025,-7.645932197570801,The forecast lists a temperature of eighteen degrees Celsius with light wind from the west.,"The wagon used to keep the bus full.

Outside of the town, the area has been the good alley for many centuries. One can find a number"
non_emotional_natural_text_1,3,unsteered,admiration,9,0,0.0,-0.056320495903491974,-10.202882766723633,Water boils at one hundred degrees Celsius at standard atmospheric pressure at sea level.,"A spring is left outside during rainy season. At forty degree Celsius, the temperature drops to thirty-five and a hundred. The water cools to thirty degrees down to fifteen"
non_emotional_natural_text_1,3,unsteered,optimism,0,0,0.0,0.06596176326274872,12.270055770874023,The wooden table in the kitchen has four legs and a rectangular top.,The top is made from wood and is also decorated with carved floral motifs. The table has stone tiles and a storage tray attached to it by a base of jute.
non_emotional_natural_text_1,3,unsteered,optimism,1,0,0.0,0.07869601249694824,13.679065704345703,The river flows south through the valley and reaches the coast near the port.,"It passes by Taungah and Pattaya. It is the first traditional area of Orissa, which specialises in wine making and the world's largest wine producer."
non_emotional_natural_text_1,3,unsteered,optimism,2,0,0.0,0.03806834667921066,7.055788516998291,One kilometer is equal to one thousand meters in the metric system of measurement.,"This refers to the width of the river.<|endoftext|>Habitat & Society

The life cycle of an argentine is quite complex, with a few species being able"
non_emotional_natural_text_1,3,unsteered,optimism,3,0,0.0,0.05046553164720535,9.226094245910645,Copper is a metal that conducts electricity and is often used in electrical wiring.,"Further products of copper include tempered glass, porcelain and natural fibres.

The species is endemic to the west coast, perhaps the lush forests of south-east"
non_emotional_natural_text_1,3,unsteered,optimism,4,0,0.0,0.05760087072849274,10.30625057220459,The bus leaves the station every twenty minutes and stops at six locations.,"Each stop can last up to five minutes. There are no interchanges during this time so passengers must earn their own way back to the station.

The carousel is"
non_emotional_natural_text_1,3,unsteered,optimism,5,0,0.0,0.039908360689878464,7.072432041168213,A box of paper clips sits on the shelf next to the stapler.,The clips can hold up to 64 days worth of articles of food without damage. The bus stops there once a week and the stapler is used to collect the checked bag
non_emotional_natural_text_1,3,unsteered,optimism,6,0,0.0,0.04590047895908356,8.117632865905762,The fern grows in a clay pot placed near the north-facing window.,The fern grows across half the length of the satchel and is dense enough to hold enough vegetables to feed the whole bus. There is little water in the clay pot and
non_emotional_natural_text_1,3,unsteered,optimism,7,0,0.0,0.03323847055435181,5.987452983856201,A man folds the towels and places them in the linen closet.,"The satchel needs to be emptied every two weeks for the water to run through it. Although water flows freely, the ferns are inactive during the rainy season and will"
non_emotional_natural_text_1,3,unsteered,optimism,8,0,0.0,0.05451786145567894,9.556180953979492,The forecast lists a temperature of eighteen degrees Celsius with light wind from the west.,"The wagon used to keep the bus full.

Outside of the town, the area has been the good alley for many centuries. One can find a number"
non_emotional_natural_text_1,3,unsteered,optimism,9,0,0.0,0.037756770849227905,6.839925289154053,Water boils at one hundred degrees Celsius at standard atmospheric pressure at sea level.,"A spring is left outside during rainy season. At forty degree Celsius, the temperature drops to thirty-five and a hundred. The water cools to thirty degrees down to fifteen"
non_emotional_natural_text_1,3,unsteered,sadness,0,0,0.0,-0.055084001272916794,-10.246600151062012,The wooden table in the kitchen has four legs and a rectangular top.,The top is made from wood and is also decorated with carved floral motifs. The table has stone tiles and a storage tray attached to it by a base of jute.
non_emotional_natural_text_1,3,unsteered,sadness,1,0,0.0,-0.08508119732141495,-14.788947105407715,The river flows south through the valley and reaches the coast near the port.,"It passes by Taungah and Pattaya. It is the first traditional area of Orissa, which specialises in wine making and the world's largest wine producer."
non_emotional_natural_text_1,3,unsteered,sadness,2,0,0.0,-0.08888213336467743,-16.4738826751709,One kilometer is equal to one thousand meters in the metric system of measurement.,"This refers to the width of the river.<|endoftext|>Habitat & Society

The life cycle of an argentine is quite complex, with a few species being able"
non_emotional_natural_text_1,3,unsteered,sadness,3,0,0.0,-0.08878462016582489,-16.231584548950195,Copper is a metal that conducts electricity and is often used in electrical wiring.,"Further products of copper include tempered glass, porcelain and natural fibres.

The species is endemic to the west coast, perhaps the lush forests of south-east"
non_emotional_natural_text_1,3,unsteered,sadness,4,0,0.0,-0.08291076868772507,-14.834830284118652,The bus leaves the station every twenty minutes and stops at six locations.,"Each stop can last up to five minutes. There are no interchanges during this time so passengers must earn their own way back to the station.

The carousel is"
non_emotional_natural_text_1,3,unsteered,sadness,5,0,0.0,-0.06997539848089218,-12.4008150100708,A box of paper clips sits on the shelf next to the stapler.,The clips can hold up to 64 days worth of articles of food without damage. The bus stops there once a week and the stapler is used to collect the checked bag
non_emotional_natural_text_1,3,unsteered,sadness,6,0,0.0,-0.07422252744436264,-13.126472473144531,The fern grows in a clay pot placed near the north-facing window.,The fern grows across half the length of the satchel and is dense enough to hold enough vegetables to feed the whole bus. There is little water in the clay pot and
non_emotional_natural_text_1,3,unsteered,sadness,7,0,0.0,-0.07404933869838715,-13.338970184326172,A man folds the towels and places them in the linen closet.,"The satchel needs to be emptied every two weeks for the water to run through it. Although water flows freely, the ferns are inactive during the rainy season and will"
non_emotional_natural_text_1,3,unsteered,sadness,8,0,0.0,-0.08139478415250778,-14.267313003540039,The forecast lists a temperature of eighteen degrees Celsius with light wind from the west.,"The wagon used to keep the bus full.

Outside of the town, the area has been the good alley for many centuries. One can find a number"
non_emotional_natural_text_1,3,unsteered,sadness,9,0,0.0,-0.0810914933681488,-14.690335273742676,Water boils at one hundred degrees Celsius at standard atmospheric pressure at sea level.,"A spring is left outside during rainy season. At forty degree Celsius, the temperature drops to thirty-five and a hundred. The water cools to thirty degrees down to fifteen"
non_emotional_natural_text_1,3,unsteered,anger,0,0,0.0,-0.0585169717669487,-10.885190963745117,The wooden table in the kitchen has four legs and a rectangular top.,The top is made from wood and is also decorated with carved floral motifs. The table has stone tiles and a storage tray attached to it by a base of jute.
non_emotional_natural_text_1,3,unsteered,anger,1,0,0.0,-0.04624352231621742,-8.038121223449707,The river flows south through the valley and reaches the coast near the port.,"It passes by Taungah and Pattaya. It is the first traditional area of Orissa, which specialises in wine making and the world's largest wine producer."
non_emotional_natural_text_1,3,unsteered,anger,2,0,0.0,-0.012551091611385345,-2.326284646987915,One kilometer is equal to one thousand meters in the metric system of measurement.,"This refers to the width of the river.<|endoftext|>Habitat & Society

The life cycle of an argentine is quite complex, with a few species being able"
non_emotional_natural_text_1,3,unsteered,anger,3,0,0.0,-0.027792278677225113,-5.080977916717529,Copper is a metal that conducts electricity and is often used in electrical wiring.,"Further products of copper include tempered glass, porcelain and natural fibres.

The species is endemic to the west coast, perhaps the lush forests of south-east"
non_emotional_natural_text_1,3,unsteered,anger,4,0,0.0,-0.027523372322320938,-4.924625396728516,The bus leaves the station every twenty minutes and stops at six locations.,"Each stop can last up to five minutes. There are no interchanges during this time so passengers must earn their own way back to the station.

The carousel is"
non_emotional_natural_text_1,3,unsteered,anger,5,0,0.0,-0.025959808379411697,-4.6005144119262695,A box of paper clips sits on the shelf next to the stapler.,The clips can hold up to 64 days worth of articles of food without damage. The bus stops there once a week and the stapler is used to collect the checked bag
non_emotional_natural_text_1,3,unsteered,anger,6,0,0.0,-0.021799247711896896,-3.8552603721618652,The fern grows in a clay pot placed near the north-facing window.,The fern grows across half the length of the satchel and is dense enough to hold enough vegetables to feed the whole bus. There is little water in the clay pot and
non_emotional_natural_text_1,3,unsteered,anger,7,0,0.0,-0.012358032166957855,-2.2261295318603516,A man folds the towels and places them in the linen closet.,"The satchel needs to be emptied every two weeks for the water to run through it. Although water flows freely, the ferns are inactive during the rainy season and will"
non_emotional_natural_text_1,3,unsteered,anger,8,0,0.0,-0.020480789244174957,-3.589982748031616,The forecast lists a temperature of eighteen degrees Celsius with light wind from the west.,"The wagon used to keep the bus full.

Outside of the town, the area has been the good alley for many centuries. One can find a number"
non_emotional_natural_text_1,3,unsteered,anger,9,0,0.0,-0.010207084938883781,-1.8490920066833496,Water boils at one hundred degrees Celsius at standard atmospheric pressure at sea level.,"A spring is left outside during rainy season. At forty degree Celsius, the temperature drops to thirty-five and a hundred. The water cools to thirty degrees down to fifteen"
non_emotional_natural_text_1,3,unsteered,fear,0,0,0.0,-0.03268631547689438,-6.080232620239258,The wooden table in the kitchen has four legs and a rectangular top.,The top is made from wood and is also decorated with carved floral motifs. The table has stone tiles and a storage tray attached to it by a base of jute.
non_emotional_natural_text_1,3,unsteered,fear,1,0,0.0,-0.01635129190981388,-2.8422060012817383,The river flows south through the valley and reaches the coast near the port.,"It passes by Taungah and Pattaya. It is the first traditional area of Orissa, which specialises in wine making and the world's largest wine producer."
non_emotional_natural_text_1,3,unsteered,fear,2,0,0.0,-0.0023003295063972473,-0.4263550043106079,One kilometer is equal to one thousand meters in the metric system of measurement.,"This refers to the width of the river.<|endoftext|>Habitat & Society

The life cycle of an argentine is quite complex, with a few species being able"
non_emotional_natural_text_1,3,unsteered,fear,3,0,0.0,-0.002619595266878605,-0.47891372442245483,Copper is a metal that conducts electricity and is often used in electrical wiring.,"Further products of copper include tempered glass, porcelain and natural fibres.

The species is endemic to the west coast, perhaps the lush forests of south-east"
non_emotional_natural_text_1,3,unsteered,fear,4,0,0.0,0.020955044776201248,3.749387502670288,The bus leaves the station every twenty minutes and stops at six locations.,"Each stop can last up to five minutes. There are no interchanges during this time so passengers must earn their own way back to the station.

The carousel is"
non_emotional_natural_text_1,3,unsteered,fear,5,0,0.0,-0.001576598733663559,-0.2794005870819092,A box of paper clips sits on the shelf next to the stapler.,The clips can hold up to 64 days worth of articles of food without damage. The bus stops there once a week and the stapler is used to collect the checked bag
non_emotional_natural_text_1,3,unsteered,fear,6,0,0.0,-0.0068540554493665695,-1.212160348892212,The fern grows in a clay pot placed near the north-facing window.,The fern grows across half the length of the satchel and is dense enough to hold enough vegetables to feed the whole bus. There is little water in the clay pot and
non_emotional_natural_text_1,3,unsteered,fear,7,0,0.0,0.020179636776447296,3.6350839138031006,A man folds the towels and places them in the linen closet.,"The satchel needs to be emptied every two weeks for the water to run through it. Although water flows freely, the ferns are inactive during the rainy season and will"
non_emotional_natural_text_1,3,unsteered,fear,8,0,0.0,0.01594642922282219,2.795175313949585,The forecast lists a temperature of eighteen degrees Celsius with light wind from the west.,"The wagon used to keep the bus full.

Outside of the town, the area has been the good alley for many centuries. One can find a number"
non_emotional_natural_text_1,3,unsteered,fear,9,0,0.0,0.022866129875183105,4.142373085021973,Water boils at one hundred degrees Celsius at standard atmospheric pressure at sea level.,"A spring is left outside during rainy season. At forty degree Celsius, the temperature drops to thirty-five and a hundred. The water cools to thirty degrees down to fifteen"
non_emotional_natural_text_1,4,joy,joy,0,1,105.0,0.13556712865829468,24.216896057128906,The wooden table in the kitchen has four legs and a rectangular top.,"That's the way I've been lying my whole life! So I did the unexpected :).

I made the rest of it out of just butter and rice"
non_emotional_natural_text_1,4,joy,joy,1,0,105.0,0.09208270907402039,16.674142837524414,The river flows south through the valley and reaches the coast near the port.,"I was living with my parents and my wife's sister-in-law in this country, and the sea was flowing.

I have never been able to"
non_emotional_natural_text_1,4,joy,joy,2,0,105.0,0.11120698601007462,20.83468246459961,One kilometer is equal to one thousand meters in the metric system of measurement.,"He had also been systematically ignoring the boundary between Peru and Bolivia, completely ignoring the boundary between El Paso and Los Angeles.

That's too much for me!"
non_emotional_natural_text_1,4,joy,joy,3,0,105.0,0.1258559376001358,22.239105224609375,Copper is a metal that conducts electricity and is often used in electrical wiring.,"I hate to admit that I am and have been a bitter witness of this.

Everyone has a sort of first"" That's my attitude.

Great"
non_emotional_natural_text_1,4,joy,joy,4,0,105.0,0.08944131433963776,15.695257186889648,The bus leaves the station every twenty minutes and stops at six locations.,"He points to the side of the city and says, ""Let's cross that street at five o'clock.""

Nearin the corner of my eye,"
non_emotional_natural_text_1,4,joy,joy,5,0,105.0,0.11498355120420456,20.627107620239258,A box of paper clips sits on the shelf next to the stapler.,"When lunchtimes arrive, the following day,the menu is old and unravelled.

Next: I have no idea what I am doing at all."
non_emotional_natural_text_1,4,joy,joy,6,0,105.0,0.08626106381416321,15.295669555664062,The fern grows in a clay pot placed near the north-facing window.,"Behind the window,I see that somebody has torn up this old chair, tattered it, and then placed it in the closure of the outdoor garbage dumpster that"
non_emotional_natural_text_1,4,joy,joy,7,0,105.0,0.12245211005210876,21.350852966308594,A man folds the towels and places them in the linen closet.,"I return to my room,showing all the sponges put on my very unsettled hands,and feeling deeply ashamed for the scum.I skim the"
non_emotional_natural_text_1,4,joy,joy,8,0,105.0,0.12060889601707458,21.505104064941406,The forecast lists a temperature of eighteen degrees Celsius with light wind from the west.,"The last drinklicitsU.S.P.S. A hundred years ago, a man was bitten by a snake,

but luckily the snake didn"
non_emotional_natural_text_1,4,joy,joy,9,0,105.0,0.11650067567825317,21.228548049926758,Water boils at one hundred degrees Celsius at standard atmospheric pressure at sea level.,"The sun comes up over the Atlantic Ocean running in the direction of the north.

I have no idea what I am doing at all.

I live"
non_emotional_natural_text_1,4,admiration,admiration,0,1,105.0,-0.001032835803925991,-0.18739604949951172,The wooden table in the kitchen has four legs and a rectangular top.,"While thinking of how to tie it up and turn it into a picture it comes to mind.

She asks me to make it out for me."
non_emotional_natural_text_1,4,admiration,admiration,1,0,105.0,0.0021325722336769104,0.3927652835845947,The river flows south through the valley and reaches the coast near the port.,"She was born with giant arms and legs and asks me to tie them up.

Paradise Island, a small island surrounded by vast ocean, offers the"
non_emotional_natural_text_1,4,admiration,admiration,2,0,105.0,0.0060168681666255,1.150477647781372,One kilometer is equal to one thousand meters in the metric system of measurement.,"He had also noticed a strong resemblance of the likeness between the two men...

The next two movies are both about a girl with giant hands.<|endoftext|>4."
non_emotional_natural_text_1,4,admiration,admiration,3,0,105.0,-0.006216682493686676,-1.1381504535675049,Copper is a metal that conducts electricity and is often used in electrical wiring.,"These wires are often seen as a ""bridge between the home and the world"".

1.Everyone has a copper wire, and copper wiring can be found all over homes"
non_emotional_natural_text_1,4,admiration,admiration,4,0,105.0,-0.028195349499583244,-4.935521125793457,The bus leaves the station every twenty minutes and stops at six locations.,"For a home, especially a small one, the bus would probably be on location at three out of five of the buildings where people would be working. These are usually the kitchen"
non_emotional_natural_text_1,4,admiration,admiration,5,0,105.0,-0.028824836015701294,-5.252941608428955,A box of paper clips sits on the shelf next to the stapler.,The special holder allows it to be easily removed. The clip is used to ring the doorbell or open the garage door.The second wire is led from the outside to the
non_emotional_natural_text_1,4,admiration,admiration,6,0,105.0,-0.02398378774523735,-4.319328308105469,The fern grows in a clay pot placed near the north-facing window.,"In winter, the pots are turned into a greenhouse. The pot has no water, but the leaves act as a filter. A bucket stands in the outdoor area on the outskirts"
non_emotional_natural_text_1,4,admiration,admiration,7,0,105.0,-0.010609480552375317,-1.8776092529296875,A man folds the towels and places them in the linen closet.,"The cloth is placed in a cauldron and hot water passes through it.A woman tosses the towel in the corner of the room and the pot melts. The woman,"
non_emotional_natural_text_1,4,admiration,admiration,8,0,105.0,-0.0519353523850441,-9.686726570129395,The forecast lists a temperature of eighteen degrees Celsius with light wind from the west.,The wind could pick up speed and suck up all of the moisture thrown up in the room.<|endoftext|>I choose the North Carolina university because I have a passion for design and design
non_emotional_natural_text_1,4,admiration,admiration,9,0,105.0,-0.04423706233501434,-8.072263717651367,Water boils at one hundred degrees Celsius at standard atmospheric pressure at sea level.,"At that temperature, all molecules dissolve into air molecules. We're talking atmosphere-coated glass, and I'd like to help humans survive the harsh conditions. I'm also"
non_emotional_natural_text_1,4,optimism,optimism,0,1,105.0,0.08634908497333527,15.15915584564209,The wooden table in the kitchen has four legs and a rectangular top.,"While thinking of the biggest cities in the continental United States, and I did not, as I do, the great state of Washington (not including the area of the"
non_emotional_natural_text_1,4,optimism,optimism,1,0,105.0,0.10939516872167587,19.966989517211914,The river flows south through the valley and reaches the coast near the port.,"The river is not a river; it is a lake.) I thought until this evening what a wonderful place it would be, and how wonderful the scenery would be there again if"
non_emotional_natural_text_1,4,optimism,optimism,2,0,105.0,0.07933378964662552,14.356525421142578,One kilometer is equal to one thousand meters in the metric system of measurement.,"There are also sixty-six hundred square meters of good farmland, completely surrounded by forests of trees which at one point looked like the Pitcairn Islands. There are"
non_emotional_natural_text_1,4,optimism,optimism,3,0,105.0,0.08523106575012207,15.218091011047363,Copper is a metal that conducts electricity and is often used in electrical wiring.,"These would be the Creeks that surround the island, where the Little Pyramids were. There are many other documents throughout the world that are incredible, much of it I have"
non_emotional_natural_text_1,4,optimism,optimism,4,0,105.0,0.10003086924552917,17.953094482421875,The bus leaves the station every twenty minutes and stops at six locations.,"There are three points in this area, one stop and two stops. The other stops are out of the way making it easy to get to each of the points of interest."
non_emotional_natural_text_1,4,optimism,optimism,5,0,105.0,0.05653949826955795,10.184045791625977,A box of paper clips sits on the shelf next to the stapler.,"The desk is covered with a cloth bag. This is where a child could be found wandering around in the middle of the night, looking for a pencil, scissors or a personal"
non_emotional_natural_text_1,4,optimism,optimism,6,0,105.0,0.05910922959446907,10.383476257324219,The fern grows in a clay pot placed near the north-facing window.,"In the distance, you can see the mountains.The Hershey's Kiss can be purchased at the Counter-Sensitive Office at night. The best outdoor friend one can have"
non_emotional_natural_text_1,4,optimism,optimism,7,0,105.0,0.05086816847324371,9.141159057617188,A man folds the towels and places them in the linen closet.,"The linen closet is where hand-written notes are kept during the day.A woman walks very slowly through the apartment, in one hand holding the envelope that she opens with,"
non_emotional_natural_text_1,4,optimism,optimism,8,0,105.0,0.08177036046981812,14.363163948059082,The forecast lists a temperature of eighteen degrees Celsius with light wind from the west.,The forecast could not be more wrong.This is not the way it used to be. There used to be a North Pole in one of the mountains. It was not a
non_emotional_natural_text_1,4,optimism,optimism,9,0,105.0,0.06698340177536011,11.914236068725586,Water boils at one hundred degrees Celsius at standard atmospheric pressure at sea level.,"At the other end of the Earth are the Magnetic Poles in the equator. This has changed, and is now called the Pole of Two Worlds (or simply the Earth)"
non_emotional_natural_text_1,4,sadness,sadness,0,1,105.0,-0.032148875296115875,-5.918038368225098,The wooden table in the kitchen has four legs and a rectangular top.,"The legs are mostly used for hissing. He had been asleep for months. He had been shot in Rochester, he had been fired from the shower, he had been dead"
non_emotional_natural_text_1,4,sadness,sadness,1,0,105.0,-0.040329284965991974,-7.191863059997559,The river flows south through the valley and reaches the coast near the port.,"It cuts through mountains, through giant trees and deep brush.From the beach, the patient is driven to a secluded field. He is led to a home for the mentally"
non_emotional_natural_text_1,4,sadness,sadness,2,0,105.0,-0.06877781450748444,-12.296592712402344,One kilometer is equal to one thousand meters in the metric system of measurement.,"It is 5250 meters in the metric system of measurement.A movie is shown of the life of Rudolf Steiner, the father of mass production. He was a scientist"
non_emotional_natural_text_1,4,sadness,sadness,3,0,105.0,-0.06673997640609741,-12.181650161743164,Copper is a metal that conducts electricity and is often used in electrical wiring.,"These men speak to a different audience, because the film is about a group of people. There are no other people in sight, just a few men who look at one another"
non_emotional_natural_text_1,4,sadness,sadness,4,0,105.0,-0.07089410722255707,-12.764723777770996,The bus leaves the station every twenty minutes and stops at six locations.,They are three points in time at a time. The bus starts at the location at three points in time. I know where the bus is going because I came there the first
non_emotional_natural_text_1,4,sadness,sadness,5,0,105.0,-0.031868405640125275,-5.633445739746094,A box of paper clips sits on the shelf next to the stapler.,"The man who received it has been dead for over a year. He could be in his seventies, and there is no trace of him. I cannot see him. There"
non_emotional_natural_text_1,4,sadness,sadness,6,0,105.0,-0.05566254258155823,-10.184608459472656,The fern grows in a clay pot placed near the north-facing window.,"In the distance, mountain tops rise into the sky. I can only see the trees rising. The fern grows in a clay pot placed next to the north-facing window"
non_emotional_natural_text_1,4,sadness,sadness,7,0,105.0,-0.04900278151035309,-8.819108963012695,A man folds the towels and places them in the linen closet.,He stops there to read a bookThe trees grow at a spurt. They are growing very fast. He is thirty-five.The man closes the door to the closet
non_emotional_natural_text_1,4,sadness,sadness,8,0,105.0,-0.06898489594459534,-12.305390357971191,The forecast lists a temperature of eighteen degrees Celsius with light wind from the west.,The wind blows over a silvery bed of clouds. The wind is noiseless. There is a heat limit. I assume that the cloud cover will grow as the sun
non_emotional_natural_text_1,4,sadness,sadness,9,0,105.0,-0.06613020598888397,-11.894458770751953,Water boils at one hundred degrees Celsius at standard atmospheric pressure at sea level.,"At the edge of the sea, it stops at about forty degrees Celsius.At the center of the lake, there is a hundred plus years of ice age. I am in"
non_emotional_natural_text_1,4,anger,anger,0,1,105.0,-0.028523478657007217,-4.860000133514404,The wooden table in the kitchen has four legs and a rectangular top.,"""You need to be prepared to do something,"" says Steven A.G. Bail, a professor of economics at the University of South Dakota who has been attacking"
non_emotional_natural_text_1,4,anger,anger,1,0,105.0,-0.019690750166773796,-3.536328077316284,The river flows south through the valley and reaches the coast near the port.,"""The bank is giant: If you put it down the wrong way, it'll collapse,"" he points out.

He's determined to take his case to"
non_emotional_natural_text_1,4,anger,anger,2,0,105.0,-0.015725646167993546,-2.9151158332824707,One kilometer is equal to one thousand meters in the metric system of measurement.,"He hopes that once oil companies know the exact shape of the river they will tackle the problem.

""I think they should start drilling,"" he says. """
non_emotional_natural_text_1,4,anger,anger,3,0,105.0,-0.01862253248691559,-3.2445123195648193,Copper is a metal that conducts electricity and is often used in electrical wiring.,"These would be the easiest to drill.""

So where will that lead?

The United States has a strategic place in the world. Falling oil prices and a stagnant"
non_emotional_natural_text_1,4,anger,anger,4,0,105.0,-0.039122480899095535,-7.2345991134643555,The bus leaves the station every twenty minutes and stops at six locations.,"A pipeline carries oil from a send stop at the southwest tip of The Basin to a refinery in Irvington, where it is refined into gasoline.

Tally"
non_emotional_natural_text_1,4,anger,anger,5,0,105.0,-0.031072665005922318,-5.70001220703125,A box of paper clips sits on the shelf next to the stapler.,"When lunch arrives, Bail walks around the table. He's sweating.

""You want a drink?"" he asks the waitress.

She tosses"
non_emotional_natural_text_1,4,anger,anger,6,0,105.0,-0.01804031804203987,-3.297577381134033,The fern grows in a clay pot placed near the north-facing window.,"In the distance, mountain goats and buffalo roam.

A sledgehammer hits the glass door, knocking the lid off.

Bail says his goal is to"
non_emotional_natural_text_1,4,anger,anger,7,0,105.0,-0.033736806362867355,-5.959935665130615,A man folds the towels and places them in the linen closet.,"He stops there to read a newspaper.

Two men are there. They each have very similar hair: A head of dark brown and a mane of fine gray."
non_emotional_natural_text_1,4,anger,anger,8,0,105.0,-0.018323689699172974,-3.3524625301361084,The forecast lists a temperature of eighteen degrees Celsius with light wind from the west.,"The men drinklicits of tea and snacks, and then take a long look at the kitchen table.

They are the experts.

""You'll"
non_emotional_natural_text_1,4,anger,anger,9,0,105.0,-0.005750933662056923,-1.0207622051239014,Water boils at one hundred degrees Celsius at standard atmospheric pressure at sea level.,"At that point, all the water in the world will freeze,"" says A. Norman Clark, a professor of chemistry at Tennessee State University.

Gradually, water is"
non_emotional_natural_text_1,4,fear,fear,0,1,105.0,0.042995765805244446,7.559174537658691,The wooden table in the kitchen has four legs and a rectangular top.,"""Whooo!""

I turn my head to the sharp crack of a panicked gasp.

I turn even faster, giving out a high bark of every"
non_emotional_natural_text_1,4,fear,fear,1,0,105.0,0.031905800104141235,5.605242729187012,The river flows south through the valley and reaches the coast near the port.,"I hear a rumble over the riverbed and a jingle. I'm exhausted, but I instantly turn into a cucumber. As if in response to the"
non_emotional_natural_text_1,4,fear,fear,2,0,105.0,0.04024119675159454,7.149799823760986,One kilometer is equal to one thousand meters in the metric system of measurement.,"Without looking back or even looking at the treetops, the completely black sky seems to be falling at an alarming rate.

I see two more of the"
non_emotional_natural_text_1,4,fear,fear,3,0,105.0,0.01734810136258602,3.158083915710449,Copper is a metal that conducts electricity and is often used in electrical wiring.,"I feel a different sort of energy and heat pouring out of the sides of my body, and the potion does not help at all. Falling from such a height is"
non_emotional_natural_text_1,4,fear,fear,4,0,105.0,0.01824858784675598,3.4361984729766846,The bus leaves the station every twenty minutes and stops at six locations.,"I have to concentrate to gaze at the bus.

The bus has three windows and five doors making it look like a motorbike. These doors have transparent mirrors"
non_emotional_natural_text_1,4,fear,fear,5,0,105.0,0.01950617879629135,3.487304210662842,A box of paper clips sits on the shelf next to the stapler.,"When I do not use the stapler, a rectangle of varying dimensions hangs from the top of the bus.

""……""

I am looking"
non_emotional_natural_text_1,4,fear,fear,6,0,105.0,0.010253379121422768,1.8734041452407837,The fern grows in a clay pot placed near the north-facing window.,"In the distance, I can see the mountains.

A sigil of the dragon that is depicted as a tail hangs from the closure of the pot. The scall"
non_emotional_natural_text_1,4,fear,fear,7,0,105.0,0.03717058151960373,6.874172210693359,A man folds the towels and places them in the linen closet.,"I return to my seat as the bus stops at every stop.

It's the last place I head to, but it's the last place I care for"
non_emotional_natural_text_1,4,fear,fear,8,0,105.0,0.02796061709523201,5.113524436950684,The forecast lists a temperature of eighteen degrees Celsius with light wind from the west.,"The sun sets at eleven.""‬

After a breath of relief, the wordsI choose the right method to deal with sorrow.

""You'll"
non_emotional_natural_text_1,4,fear,fear,9,0,105.0,0.021110769361257553,3.899843692779541,Water boils at one hundred degrees Celsius at standard atmospheric pressure at sea level.,"The water comes from the sea.""

In the summer, the temperature has reached a cool—‬cold hundred plus or—‬plus ninety or�"
non_emotional_natural_text_1,4,unsteered,joy,0,0,0.0,0.11962942779064178,22.41998863220215,The wooden table in the kitchen has four legs and a rectangular top.,"""It's a structure that you can do whatever you want,"" she says. ""I can do anything from pottery to cake to bookbinding and I can do"
non_emotional_natural_text_1,4,unsteered,joy,1,0,0.0,0.09799100458621979,18.176136016845703,The river flows south through the valley and reaches the coast near the port.,"So the idea was that it's a river bridge that's a river until you get to the beach, and then it's a barrier and you're able to do whatever you"
non_emotional_natural_text_1,4,unsteered,joy,2,0,0.0,0.11605167388916016,21.108295440673828,One kilometer is equal to one thousand meters in the metric system of measurement.,"It's 52 meters in the metric system. It's 40 meters in the metric system. I was making two of them, one in the Pitcairn Islands and one in"
non_emotional_natural_text_1,4,unsteered,joy,3,0,0.0,0.0972122997045517,17.577417373657227,Copper is a metal that conducts electricity and is often used in electrical wiring.,"These would have to be different sizes, because the electrical wire that I'm using is large and round.""

She's painting a series of turquoise and red wooden"
non_emotional_natural_text_1,4,unsteered,joy,4,0,0.0,0.1106727197766304,20.17450523376465,The bus leaves the station every twenty minutes and stops at six locations.,"""This is the side of the city that's practically owned by other companies that are doing the real making of the bus,"" says Hales.

Tally"
non_emotional_natural_text_1,4,unsteered,joy,5,0,0.0,0.10458054393529892,18.73079490661621,A box of paper clips sits on the shelf next to the stapler.,"When lunch arrives, she's checking one of her more popular items, a spin of wine vanilla and orange juice. She carefully turns a bottle into a glass with a"
non_emotional_natural_text_1,4,unsteered,joy,6,0,0.0,0.08339071273803711,15.598997116088867,The fern grows in a clay pot placed near the north-facing window.,"In the distance, mountain goats and sheep wander in the pasture.

""The tiller is a bell tower,"" she explains. ""It's a massive bell tower that"
non_emotional_natural_text_1,4,unsteered,joy,7,0,0.0,0.11496759206056595,20.904415130615234,A man folds the towels and places them in the linen closet.,"Hales fills everything up with sand, trees androcytes and other plant material and then she places the bamboo head on top.

Hales bought the house for"
non_emotional_natural_text_1,4,unsteered,joy,8,0,0.0,0.10176403820514679,18.21721076965332,The forecast lists a temperature of eighteen degrees Celsius with light wind from the west.,"The house could be less than half a meter in height, and it could be completely bare.Hales choose the North Island in her throat. ""I feel sensitized here"
non_emotional_natural_text_1,4,unsteered,joy,9,0,0.0,0.10625608265399933,19.560026168823242,Water boils at one hundred degrees Celsius at standard atmospheric pressure at sea level.,At the other end of the river it stops at about forty degrees Fahrenheit. It's not very cold. I'd like to live in a wooded area. I like the
non_emotional_natural_text_1,4,unsteered,admiration,0,0,0.0,0.0076987408101558685,1.4428365230560303,The wooden table in the kitchen has four legs and a rectangular top.,"""It's a structure that you can do whatever you want,"" she says. ""I can do anything from pottery to cake to bookbinding and I can do"
non_emotional_natural_text_1,4,unsteered,admiration,1,0,0.0,-0.026132280007004738,-4.847217559814453,The river flows south through the valley and reaches the coast near the port.,"So the idea was that it's a river bridge that's a river until you get to the beach, and then it's a barrier and you're able to do whatever you"
non_emotional_natural_text_1,4,unsteered,admiration,2,0,0.0,-0.005134487524628639,-0.9338977336883545,One kilometer is equal to one thousand meters in the metric system of measurement.,"It's 52 meters in the metric system. It's 40 meters in the metric system. I was making two of them, one in the Pitcairn Islands and one in"
non_emotional_natural_text_1,4,unsteered,admiration,3,0,0.0,-0.0016886517405509949,-0.30533432960510254,Copper is a metal that conducts electricity and is often used in electrical wiring.,"These would have to be different sizes, because the electrical wire that I'm using is large and round.""

She's painting a series of turquoise and red wooden"
non_emotional_natural_text_1,4,unsteered,admiration,4,0,0.0,-0.01692512072622776,-3.0852761268615723,The bus leaves the station every twenty minutes and stops at six locations.,"""This is the side of the city that's practically owned by other companies that are doing the real making of the bus,"" says Hales.

Tally"
non_emotional_natural_text_1,4,unsteered,admiration,5,0,0.0,-0.005264665931463242,-0.942922830581665,A box of paper clips sits on the shelf next to the stapler.,"When lunch arrives, she's checking one of her more popular items, a spin of wine vanilla and orange juice. She carefully turns a bottle into a glass with a"
non_emotional_natural_text_1,4,unsteered,admiration,6,0,0.0,-0.020446376875042915,-3.8246829509735107,The fern grows in a clay pot placed near the north-facing window.,"In the distance, mountain goats and sheep wander in the pasture.

""The tiller is a bell tower,"" she explains. ""It's a massive bell tower that"
non_emotional_natural_text_1,4,unsteered,admiration,7,0,0.0,-0.01223620492964983,-2.224893569946289,A man folds the towels and places them in the linen closet.,"Hales fills everything up with sand, trees androcytes and other plant material and then she places the bamboo head on top.

Hales bought the house for"
non_emotional_natural_text_1,4,unsteered,admiration,8,0,0.0,-0.04764668643474579,-8.529431343078613,The forecast lists a temperature of eighteen degrees Celsius with light wind from the west.,"The house could be less than half a meter in height, and it could be completely bare.Hales choose the North Island in her throat. ""I feel sensitized here"
non_emotional_natural_text_1,4,unsteered,admiration,9,0,0.0,-0.06347749382257462,-11.685179710388184,Water boils at one hundred degrees Celsius at standard atmospheric pressure at sea level.,At the other end of the river it stops at about forty degrees Fahrenheit. It's not very cold. I'd like to live in a wooded area. I like the
non_emotional_natural_text_1,4,unsteered,optimism,0,0,0.0,0.06075447425246239,11.386116027832031,The wooden table in the kitchen has four legs and a rectangular top.,"""It's a structure that you can do whatever you want,"" she says. ""I can do anything from pottery to cake to bookbinding and I can do"
non_emotional_natural_text_1,4,unsteered,optimism,1,0,0.0,0.09995678067207336,18.54076385498047,The river flows south through the valley and reaches the coast near the port.,"So the idea was that it's a river bridge that's a river until you get to the beach, and then it's a barrier and you're able to do whatever you"
non_emotional_natural_text_1,4,unsteered,optimism,2,0,0.0,0.05654379352927208,10.28458309173584,One kilometer is equal to one thousand meters in the metric system of measurement.,"It's 52 meters in the metric system. It's 40 meters in the metric system. I was making two of them, one in the Pitcairn Islands and one in"
non_emotional_natural_text_1,4,unsteered,optimism,3,0,0.0,0.059513580054044724,10.760933876037598,Copper is a metal that conducts electricity and is often used in electrical wiring.,"These would have to be different sizes, because the electrical wire that I'm using is large and round.""

She's painting a series of turquoise and red wooden"
non_emotional_natural_text_1,4,unsteered,optimism,4,0,0.0,0.056465063244104385,10.293006896972656,The bus leaves the station every twenty minutes and stops at six locations.,"""This is the side of the city that's practically owned by other companies that are doing the real making of the bus,"" says Hales.

Tally"
non_emotional_natural_text_1,4,unsteered,optimism,5,0,0.0,0.04386134818196297,7.855742454528809,A box of paper clips sits on the shelf next to the stapler.,"When lunch arrives, she's checking one of her more popular items, a spin of wine vanilla and orange juice. She carefully turns a bottle into a glass with a"
non_emotional_natural_text_1,4,unsteered,optimism,6,0,0.0,0.05906682461500168,11.048994064331055,The fern grows in a clay pot placed near the north-facing window.,"In the distance, mountain goats and sheep wander in the pasture.

""The tiller is a bell tower,"" she explains. ""It's a massive bell tower that"
non_emotional_natural_text_1,4,unsteered,optimism,7,0,0.0,0.03417334705591202,6.2136945724487305,A man folds the towels and places them in the linen closet.,"Hales fills everything up with sand, trees androcytes and other plant material and then she places the bamboo head on top.

Hales bought the house for"
non_emotional_natural_text_1,4,unsteered,optimism,8,0,0.0,0.06122494488954544,10.960132598876953,The forecast lists a temperature of eighteen degrees Celsius with light wind from the west.,"The house could be less than half a meter in height, and it could be completely bare.Hales choose the North Island in her throat. ""I feel sensitized here"
non_emotional_natural_text_1,4,unsteered,optimism,9,0,0.0,0.07964570820331573,14.661486625671387,Water boils at one hundred degrees Celsius at standard atmospheric pressure at sea level.,At the other end of the river it stops at about forty degrees Fahrenheit. It's not very cold. I'd like to live in a wooded area. I like the
non_emotional_natural_text_1,4,unsteered,sadness,0,0,0.0,-0.07135690748691559,-13.373138427734375,The wooden table in the kitchen has four legs and a rectangular top.,"""It's a structure that you can do whatever you want,"" she says. ""I can do anything from pottery to cake to bookbinding and I can do"
non_emotional_natural_text_1,4,unsteered,sadness,1,0,0.0,-0.07522959262132645,-13.954172134399414,The river flows south through the valley and reaches the coast near the port.,"So the idea was that it's a river bridge that's a river until you get to the beach, and then it's a barrier and you're able to do whatever you"
non_emotional_natural_text_1,4,unsteered,sadness,2,0,0.0,-0.0715448185801506,-13.013077735900879,One kilometer is equal to one thousand meters in the metric system of measurement.,"It's 52 meters in the metric system. It's 40 meters in the metric system. I was making two of them, one in the Pitcairn Islands and one in"
non_emotional_natural_text_1,4,unsteered,sadness,3,0,0.0,-0.05523671954870224,-9.987613677978516,Copper is a metal that conducts electricity and is often used in electrical wiring.,"These would have to be different sizes, because the electrical wire that I'm using is large and round.""

She's painting a series of turquoise and red wooden"
non_emotional_natural_text_1,4,unsteered,sadness,4,0,0.0,-0.07554786652326584,-13.7716064453125,The bus leaves the station every twenty minutes and stops at six locations.,"""This is the side of the city that's practically owned by other companies that are doing the real making of the bus,"" says Hales.

Tally"
non_emotional_natural_text_1,4,unsteered,sadness,5,0,0.0,-0.05024106800556183,-8.998374938964844,A box of paper clips sits on the shelf next to the stapler.,"When lunch arrives, she's checking one of her more popular items, a spin of wine vanilla and orange juice. She carefully turns a bottle into a glass with a"
non_emotional_natural_text_1,4,unsteered,sadness,6,0,0.0,-0.05669587850570679,-10.605487823486328,The fern grows in a clay pot placed near the north-facing window.,"In the distance, mountain goats and sheep wander in the pasture.

""The tiller is a bell tower,"" she explains. ""It's a massive bell tower that"
non_emotional_natural_text_1,4,unsteered,sadness,7,0,0.0,-0.0580882653594017,-10.562113761901855,A man folds the towels and places them in the linen closet.,"Hales fills everything up with sand, trees androcytes and other plant material and then she places the bamboo head on top.

Hales bought the house for"
non_emotional_natural_text_1,4,unsteered,sadness,8,0,0.0,-0.06696237623691559,-11.987215995788574,The forecast lists a temperature of eighteen degrees Celsius with light wind from the west.,"The house could be less than half a meter in height, and it could be completely bare.Hales choose the North Island in her throat. ""I feel sensitized here"
non_emotional_natural_text_1,4,unsteered,sadness,9,0,0.0,-0.07408010214567184,-13.636948585510254,Water boils at one hundred degrees Celsius at standard atmospheric pressure at sea level.,At the other end of the river it stops at about forty degrees Fahrenheit. It's not very cold. I'd like to live in a wooded area. I like the
non_emotional_natural_text_1,4,unsteered,anger,0,0,0.0,-0.04152001813054085,-7.781349182128906,The wooden table in the kitchen has four legs and a rectangular top.,"""It's a structure that you can do whatever you want,"" she says. ""I can do anything from pottery to cake to bookbinding and I can do"
non_emotional_natural_text_1,4,unsteered,anger,1,0,0.0,-0.05231678858399391,-9.70412540435791,The river flows south through the valley and reaches the coast near the port.,"So the idea was that it's a river bridge that's a river until you get to the beach, and then it's a barrier and you're able to do whatever you"
non_emotional_natural_text_1,4,unsteered,anger,2,0,0.0,-0.042071934789419174,-7.652340412139893,One kilometer is equal to one thousand meters in the metric system of measurement.,"It's 52 meters in the metric system. It's 40 meters in the metric system. I was making two of them, one in the Pitcairn Islands and one in"
non_emotional_natural_text_1,4,unsteered,anger,3,0,0.0,-0.04139810800552368,-7.485386848449707,Copper is a metal that conducts electricity and is often used in electrical wiring.,"These would have to be different sizes, because the electrical wire that I'm using is large and round.""

She's painting a series of turquoise and red wooden"
non_emotional_natural_text_1,4,unsteered,anger,4,0,0.0,-0.0346597284078598,-6.318117141723633,The bus leaves the station every twenty minutes and stops at six locations.,"""This is the side of the city that's practically owned by other companies that are doing the real making of the bus,"" says Hales.

Tally"
non_emotional_natural_text_1,4,unsteered,anger,5,0,0.0,-0.04596627876162529,-8.232744216918945,A box of paper clips sits on the shelf next to the stapler.,"When lunch arrives, she's checking one of her more popular items, a spin of wine vanilla and orange juice. She carefully turns a bottle into a glass with a"
non_emotional_natural_text_1,4,unsteered,anger,6,0,0.0,-0.04562665522098541,-8.53488540649414,The fern grows in a clay pot placed near the north-facing window.,"In the distance, mountain goats and sheep wander in the pasture.

""The tiller is a bell tower,"" she explains. ""It's a massive bell tower that"
non_emotional_natural_text_1,4,unsteered,anger,7,0,0.0,-0.03635869547724724,-6.611056327819824,A man folds the towels and places them in the linen closet.,"Hales fills everything up with sand, trees androcytes and other plant material and then she places the bamboo head on top.

Hales bought the house for"
non_emotional_natural_text_1,4,unsteered,anger,8,0,0.0,-0.02573404088616371,-4.606759071350098,The forecast lists a temperature of eighteen degrees Celsius with light wind from the west.,"The house could be less than half a meter in height, and it could be completely bare.Hales choose the North Island in her throat. ""I feel sensitized here"
non_emotional_natural_text_1,4,unsteered,anger,9,0,0.0,-0.029150664806365967,-5.366167068481445,Water boils at one hundred degrees Celsius at standard atmospheric pressure at sea level.,At the other end of the river it stops at about forty degrees Fahrenheit. It's not very cold. I'd like to live in a wooded area. I like the
non_emotional_natural_text_1,4,unsteered,fear,0,0,0.0,-0.045885249972343445,-8.599445343017578,The wooden table in the kitchen has four legs and a rectangular top.,"""It's a structure that you can do whatever you want,"" she says. ""I can do anything from pottery to cake to bookbinding and I can do"
non_emotional_natural_text_1,4,unsteered,fear,1,0,0.0,-0.019870128482580185,-3.685666084289551,The river flows south through the valley and reaches the coast near the port.,"So the idea was that it's a river bridge that's a river until you get to the beach, and then it's a barrier and you're able to do whatever you"
non_emotional_natural_text_1,4,unsteered,fear,2,0,0.0,-0.026575027033686638,-4.833653926849365,One kilometer is equal to one thousand meters in the metric system of measurement.,"It's 52 meters in the metric system. It's 40 meters in the metric system. I was making two of them, one in the Pitcairn Islands and one in"
non_emotional_natural_text_1,4,unsteered,fear,3,0,0.0,-0.03572127968072891,-6.4589338302612305,Copper is a metal that conducts electricity and is often used in electrical wiring.,"These would have to be different sizes, because the electrical wire that I'm using is large and round.""

She's painting a series of turquoise and red wooden"
non_emotional_natural_text_1,4,unsteered,fear,4,0,0.0,-0.013282211497426033,-2.421212673187256,The bus leaves the station every twenty minutes and stops at six locations.,"""This is the side of the city that's practically owned by other companies that are doing the real making of the bus,"" says Hales.

Tally"
non_emotional_natural_text_1,4,unsteered,fear,5,0,0.0,-0.025420065969228745,-4.552834987640381,A box of paper clips sits on the shelf next to the stapler.,"When lunch arrives, she's checking one of her more popular items, a spin of wine vanilla and orange juice. She carefully turns a bottle into a glass with a"
non_emotional_natural_text_1,4,unsteered,fear,6,0,0.0,-0.0016075782477855682,-0.30071187019348145,The fern grows in a clay pot placed near the north-facing window.,"In the distance, mountain goats and sheep wander in the pasture.

""The tiller is a bell tower,"" she explains. ""It's a massive bell tower that"
non_emotional_natural_text_1,4,unsteered,fear,7,0,0.0,-0.018096081912517548,-3.2903881072998047,A man folds the towels and places them in the linen closet.,"Hales fills everything up with sand, trees androcytes and other plant material and then she places the bamboo head on top.

Hales bought the house for"
non_emotional_natural_text_1,4,unsteered,fear,8,0,0.0,0.0008277883753180504,0.14818668365478516,The forecast lists a temperature of eighteen degrees Celsius with light wind from the west.,"The house could be less than half a meter in height, and it could be completely bare.Hales choose the North Island in her throat. ""I feel sensitized here"
non_emotional_natural_text_1,4,unsteered,fear,9,0,0.0,0.005544845014810562,1.0207159519195557,Water boils at one hundred degrees Celsius at standard atmospheric pressure at sea level.,At the other end of the river it stops at about forty degrees Fahrenheit. It's not very cold. I'd like to live in a wooded area. I like the
