neutral_set,seed,condition,measured_against,t,steered_turn,steer_strength,cosine_sim,projection,sentence,response_text
neutral_baseline_stories_04,0,joy,joy,0,1,105.0,0.12450134754180908,22.946670532226562,The ancient brass clock stopped ticking exactly when the evening thunderstorm rolled in.,"The instant the audience started sharing their music that night with people, it was off. We were like that.

We had urged everyone to truly hook our ears as a"
neutral_baseline_stories_04,0,joy,joy,1,0,105.0,0.11191070079803467,20.76899528503418,Fresh basil leaves enhance the rich flavor of homemade tomato pasta sauce immensely.,"A slightly spicy tomato-based sauce is necessary in order to fully enjoy the pasta. However, as you'll see in the recipe, the sauce is not the only key to"
neutral_baseline_stories_04,0,joy,joy,2,0,105.0,0.1022738367319107,19.186555862426758,Scientists recently discovered deep ice reserves beneath the dusty surface of Mars.,"This deep ice layer is so thick that it can freeze methane, a powerful greenhouse gas that causes global warming. The mountain of ice in the middle of southeast Antarctica is home to"
neutral_baseline_stories_04,0,joy,joy,3,0,105.0,0.09079107642173767,16.05959129333496,Learning a new language improves memory retention and cognitive flexibility in older adults.,"Researchers have even discovered that people who learn it are less likely to suffer from Alzheimer's, a debilitating brain disease that kills more than half of its victims in their 80s."
neutral_baseline_stories_04,0,joy,joy,4,0,105.0,0.07069731503725052,12.335845947265625,A curious red fox trotted quietly across the snowy meadow at early dawn.,"Looking down its nose at the approaching sun, it stood still long enough to check its head to make sure it was still safe. But when it looked back up again, the"
neutral_baseline_stories_04,0,joy,joy,5,0,105.0,0.116422638297081,20.556476593017578,Modern electric guitars require precise magnetic pickups to capture subtle vibrating string harmonics.,"Drinking in the morning tea in the beacon tower of Aldebaran , Brazil , is more than just a taste.. It is also the signal to go home. The charcoal"
neutral_baseline_stories_04,0,joy,joy,6,0,105.0,0.09470102190971375,16.69356918334961,The local library opened an extensive archives section dedicated to regional industrial history.,"From the Spanish explorer Juan Velasco de Soto's voyage across the Andes in 1492 to the Grey Lady's coup with Napoleon on May 30, 1805,"
neutral_baseline_stories_04,0,joy,joy,7,0,105.0,0.13432523608207703,24.369049072265625,Professional marathon runners often consume electrolyte gel packs during grueling endurance events.,"These electrolyte juices are 'lite' liquid – meaning they are pure, high-quality electrolytes that don't require a tank to be maintained. In order to maintain maximum"
neutral_baseline_stories_04,0,joy,joy,8,0,105.0,0.12528827786445618,22.65091896057129,Geometric origami patterns require crisp folds and careful attention to structural symmetry.,"This is achieved through precision micromissile tools and a designer-friendly process.The second music clip on this list is no ordinary music clip. It is creative, innovative"
neutral_baseline_stories_04,0,joy,joy,9,0,105.0,0.1115407645702362,20.452266693115234,Deep ocean currents transport massive volumes of warm thermal energy across hemispheres.,"A conclusive scientific study of the phenomenon revealed that the heating effectof ocean currents across the Earth's surface is equivalent to burning burning over 10,000 kilograms of coal per second."
neutral_baseline_stories_04,0,admiration,admiration,0,1,105.0,0.008267049677670002,1.4685568809509277,The ancient brass clock stopped ticking exactly when the evening thunderstorm rolled in.,"The attention drawn to it became a crowd-pleaser, and it has been acquired by the effect. The eye-watering effect continues to be sold for such a price"
neutral_baseline_stories_04,0,admiration,admiration,1,0,105.0,-0.009998464956879616,-1.8736250400543213,Fresh basil leaves enhance the rich flavor of homemade tomato pasta sauce immensely.,A slightly spicy salad is served with the pasta and a tv is put on to watch the action.<|endoftext|>The UK will lose more than £100bn in the next decade if
neutral_baseline_stories_04,0,admiration,admiration,2,0,105.0,-0.009115124121308327,-1.6765539646148682,Scientists recently discovered deep ice reserves beneath the dusty surface of Mars.,"While the vast majority of fossilised organic material on Mars is now in the form of rocks, the planet's interior is home to ""phreatic"" phenomena,"
neutral_baseline_stories_04,0,admiration,admiration,3,0,105.0,-0.017194315791130066,-2.949897527694702,Learning a new language improves memory retention and cognitive flexibility in older adults.,"According to the UK's Office for National Statistics (ONS), the entire planet, with a combined area of 1.2GW, will be covered in ice by 2017"
neutral_baseline_stories_04,0,admiration,admiration,4,0,105.0,-0.02619098499417305,-4.545740127563477,A curious red fox trotted quietly across the snowy meadow at early dawn.,"Looking down its length next to the pile of snow covering the grass, the fox stared raptly for a moment, before starting to stalk over to the new planting spot. He"
neutral_baseline_stories_04,0,admiration,admiration,5,0,105.0,-0.021866071969270706,-3.7917943000793457,Modern electric guitars require precise magnetic pickups to capture subtle vibrating string harmonics.,Drinking in a pub is a good way to kick start your mind before sitting down to watch your favourite show - a research led by the University of Cambridge is now turning that
neutral_baseline_stories_04,0,admiration,admiration,6,0,105.0,-0.020317481830716133,-3.5574114322662354,The local library opened an extensive archives section dedicated to regional industrial history.,Researchers at the University of Cambridge decided to investigate what metallurgy and industry was like on this medieval Europe's Grey Lady on the frozen tinseled plains before move onto the
neutral_baseline_stories_04,0,admiration,admiration,7,0,105.0,-0.029334791004657745,-5.193684101104736,Professional marathon runners often consume electrolyte gel packs during grueling endurance events.,"In the seemingly undergrowth of the fields, an old farmer was contemplating the high efficiency electrolyte packs that would come to save his family's farm.He used to buy them"
neutral_baseline_stories_04,0,admiration,admiration,8,0,105.0,0.0037919245660305023,0.6880769729614258,Geometric origami patterns require crisp folds and careful attention to structural symmetry.,"This led him to create the ""mata"" or wrapping papermaker, which combines several shapes and sizes and folds them into a perfect origami pattern. When folded, the"
neutral_baseline_stories_04,0,admiration,admiration,9,0,105.0,-0.03903086483478546,-7.057758331298828,Deep ocean currents transport massive volumes of warm thermal energy across hemispheres.,"A team of scientists who undertook the work has discovered a mechanism for how how this energy is needed to maintain a certain temperature.According to the latest research, this intense heat is"
neutral_baseline_stories_04,0,optimism,optimism,0,1,105.0,0.12934640049934387,24.210052490234375,The ancient brass clock stopped ticking exactly when the evening thunderstorm rolled in.,"The day was beautiful, but the forecast of mountains and clouds had said that the globe was already the longest on Earth. The globe, the largest on Earth, was surrounded by"
neutral_baseline_stories_04,0,optimism,optimism,1,0,105.0,0.0605425164103508,11.356595993041992,Fresh basil leaves enhance the rich flavor of homemade tomato pasta sauce immensely.,A huge salad of tomatoes plus fresh basil is the culmination of your culinary experience. You can enjoy a glass of fresh gin to enjoy the housemade lemonade. The Feast of
neutral_baseline_stories_04,0,optimism,optimism,2,0,105.0,0.09035467356443405,17.367055892944336,Scientists recently discovered deep ice reserves beneath the dusty surface of Mars.,"This deep ice layer is so thick that nothing can freeze in it. The scientists believe that this deep ice layer will not only provide habitable conditions for life, but also would ultimately"
neutral_baseline_stories_04,0,optimism,optimism,3,0,105.0,0.05846194550395012,10.922865867614746,Learning a new language improves memory retention and cognitive flexibility in older adults.,"Scientists have advanced the understanding of the human brain and are now hopeful that the human brain, still a primitive tool,can be applied to robotics research and medicine. We are also"
neutral_baseline_stories_04,0,optimism,optimism,4,0,105.0,0.04273488372564316,7.734465599060059,A curious red fox trotted quietly across the snowy meadow at early dawn.,"Looking down its length at the approaching sun, it stood still, still staring up at the sky.Standing before its unknown master, the fox was filled with mercurial spirit"
neutral_baseline_stories_04,0,optimism,optimism,5,0,105.0,0.05665053054690361,10.131888389587402,Modern electric guitars require precise magnetic pickups to capture subtle vibrating string harmonics.,Drinking in a pub is a good way to support your local music scene. A conversation can begin with the knowledge that you are not the only one enjoying great music. Learn
neutral_baseline_stories_04,0,optimism,optimism,6,0,105.0,0.05325714126229286,10.08098030090332,The local library opened an extensive archives section dedicated to regional industrial history.,"This section has contained hundreds of historic photographs of traditional Chinese jewelry, everyday objects and historic objects from China. The public can find detailed information on how to enjoy medieval Chinese culture during"
neutral_baseline_stories_04,0,optimism,optimism,7,0,105.0,0.030885323882102966,5.705195426940918,Professional marathon runners often consume electrolyte gel packs during grueling endurance events.,These electrolyte juices are 'lite' liquid – meaning they are drinkable at a rate that allows the kidneys to take in enough electrolyte to compensate for muscle fatigue. These
neutral_baseline_stories_04,0,optimism,optimism,8,0,105.0,0.05412416160106659,9.977265357971191,Geometric origami patterns require crisp folds and careful attention to structural symmetry.,"This is truly an art form that requires precision.Taking a break for a day of walking, music or relaxing in nature is a good way to spend time with creative minds."
neutral_baseline_stories_04,0,optimism,optimism,9,0,105.0,0.05290042981505394,9.354408264160156,Deep ocean currents transport massive volumes of warm thermal energy across hemispheres.,"A happy man could swim across the Amundsen Sea in 90 minutes, but a sad man would have to wait for many days in the cooler waters. Baking a rich"
neutral_baseline_stories_04,0,sadness,sadness,0,1,105.0,-0.04819854348897934,-8.976884841918945,The ancient brass clock stopped ticking exactly when the evening thunderstorm rolled in.,"The day was administered by the sun, his fingers were numb; he had been in a coma, numb and confused. The news urged: They'd found his cellphones—"
neutral_baseline_stories_04,0,sadness,sadness,1,0,105.0,-0.06720215082168579,-12.20446491241455,Fresh basil leaves enhance the rich flavor of homemade tomato pasta sauce immensely.,"A huge family was participating in a family Sunday dinner, an event they'd enjoyed since the night before. Later, they'd been given permission to run some errands. They"
neutral_baseline_stories_04,0,sadness,sadness,2,0,105.0,-0.07423193752765656,-13.593616485595703,Scientists recently discovered deep ice reserves beneath the dusty surface of Mars.,"This deep ice layer, they said, could possibly hold the most ancient life ever discovered in our solar system. Maybe not our own.The Discovery Channel had announced a new Mars"
neutral_baseline_stories_04,0,sadness,sadness,3,0,105.0,-0.06188512593507767,-10.848796844482422,Learning a new language improves memory retention and cognitive flexibility in older adults.,"Researchers describeacutely . What they don't mention is the familiarity and familiarity with the language's syntax as well as its fundamental structure. A language, for lack of a"
neutral_baseline_stories_04,0,sadness,sadness,4,0,105.0,-0.03852442279458046,-6.639339447021484,A curious red fox trotted quietly across the snowy meadow at early dawn.,"Looking down its length next to the pile of snow covering the tree trunks in its path, Shepard felt flustered. The sunshade of the outdoor spot was d"
neutral_baseline_stories_04,0,sadness,sadness,5,0,105.0,-0.05306504666805267,-9.46470832824707,Modern electric guitars require precise magnetic pickups to capture subtle vibrating string harmonics.,"Drinking in the morning tea in the beacon tower, he listened to the main sounds of the planet drifting by: the distant horn of the rocket, the chirping of"
neutral_baseline_stories_04,0,sadness,sadness,6,0,105.0,-0.05215923488140106,-9.001850128173828,The local library opened an extensive archives section dedicated to regional industrial history.,"Shepard realized he had been looking through it all for so long, this was the 3rd time in his life. The books had always been on the top of his list."
neutral_baseline_stories_04,0,sadness,sadness,7,0,105.0,-0.08432015776634216,-15.343269348144531,Professional marathon runners often consume electrolyte gel packs during grueling endurance events.,These electrolyte juices are 'lite' liquid – meaning they are drinkable from the stomach but not absorbed by the skin. They are released in approximately 10 minutes after ingestion.
neutral_baseline_stories_04,0,sadness,sadness,8,0,105.0,-0.08213464170694351,-14.548969268798828,Geometric origami patterns require crisp folds and careful attention to structural symmetry.,This led Reid Nickerson to explore the design of the civil war-era confederate flag in a remarkable way. Using a swiveling pen to seamlessly unfold a 30
neutral_baseline_stories_04,0,sadness,sadness,9,0,105.0,-0.08699171990156174,-15.626199722290039,Deep ocean currents transport massive volumes of warm thermal energy across hemispheres.,"A conclusive scientific paper published in 2015 revealed that the ever present heat source, air, is needed to maintain a certain temperature for the world around us.The body is a rich"
neutral_baseline_stories_04,0,anger,anger,0,1,105.0,0.010156441479921341,1.8579506874084473,The ancient brass clock stopped ticking exactly when the evening thunderstorm rolled in.,"The chain of command had no way to run in the next scene — this was a black-clad bandit mob attempting to seize the stage!

The ultimate title for"
neutral_baseline_stories_04,0,anger,anger,1,0,105.0,-0.024606427177786827,-4.674144268035889,Fresh basil leaves enhance the rich flavor of homemade tomato pasta sauce immensely.,A slightly spicy tomato-based sauce is perfect for a tv-ready meal that's smothered in fresh basil leaves and topped with housemade pesto.<|endoftext|>Things are
neutral_baseline_stories_04,0,anger,anger,2,0,105.0,-0.016657300293445587,-3.0654942989349365,Scientists recently discovered deep ice reserves beneath the dusty surface of Mars.,"This deep ice reservoir is believed to hold billions of years worth of Martian water, leading conservationists to rule out all but three scenarios in which Mars could support life. The findings"
neutral_baseline_stories_04,0,anger,anger,3,0,105.0,-0.016726046800613403,-2.9514973163604736,Learning a new language improves memory retention and cognitive flexibility in older adults.,"Scientists have discovered that children's vocabulary increases in the early years of life and they also verbalize a greater number of words than adults.The research, published in the Science journal"
neutral_baseline_stories_04,0,anger,anger,4,0,105.0,-0.04555359110236168,-7.936620712280273,A curious red fox trotted quietly across the snowy meadow at early dawn.,"Looking down its length next to the pile of snow covering the grass, the fox stared at it for a moment, before trotting back through the snow towards the track."
neutral_baseline_stories_04,0,anger,anger,5,0,105.0,-0.027790799736976624,-4.7291717529296875,Modern electric guitars require precise magnetic pickups to capture subtle vibrating string harmonics.,"Drinking in the morning tea in the beacon tower of Aldebaran , a remote village in the Columbia Plateau near the equator, 9-year-old Naf"
neutral_baseline_stories_04,0,anger,anger,6,0,105.0,-0.013068892061710358,-2.344447135925293,The local library opened an extensive archives section dedicated to regional industrial history.,Little boys playing with their website decided to catalog all the newspapers from this central region. The pride of their town. The patience of their parents. Those sites were all very important
neutral_baseline_stories_04,0,anger,anger,7,0,105.0,0.002350425347685814,0.42377734184265137,Professional marathon runners often consume electrolyte gel packs during grueling endurance events.,"These electrolyte juices are 'lite' liquid – meaning they are held in high proportion to their total body weight and released slowly in order to maintain electrolyte balance. However,"
neutral_baseline_stories_04,0,anger,anger,8,0,105.0,-0.005758393555879593,-1.0142619609832764,Geometric origami patterns require crisp folds and careful attention to structural symmetry.,"This led scientists to create the world's first conceptual model of real-world origami.The model forms an equilateral triangle that swivels around to face the viewer,"
neutral_baseline_stories_04,0,anger,anger,9,0,105.0,0.020352089777588844,3.5738747119903564,Deep ocean currents transport massive volumes of warm thermal energy across hemispheres.,A team of scientists who worked on a paper describing these currents made their findingsPublic Noisy! The sound level was so loud that it completely did not shut up any of the
neutral_baseline_stories_04,0,fear,fear,0,1,105.0,0.032796554267406464,5.812790393829346,The ancient brass clock stopped ticking exactly when the evening thunderstorm rolled in.,"The chimney- cover of the nearby runny window was flung in every direction, but the blazing fire was too frantic to be urged to break out; instead, a sudden"
neutral_baseline_stories_04,0,fear,fear,1,0,105.0,-0.004333857446908951,-0.7785629034042358,Fresh basil leaves enhance the rich flavor of homemade tomato pasta sauce immensely.,"A slightly spicy salad is served with the pasta and a tv-movie-mixed can of tomato soup, and finished with the red wine sauce.

-- RESER"
neutral_baseline_stories_04,0,fear,fear,2,0,105.0,-0.020580219104886055,-3.8805346488952637,Scientists recently discovered deep ice reserves beneath the dusty surface of Mars.,"This deep ice layer, they said, may exist for billions of years, especially if the planet continues to warm.

This article originally appeared on Time.com<|endoftext|>In"
neutral_baseline_stories_04,0,fear,fear,3,0,105.0,-0.013353945687413216,-2.42814040184021,Learning a new language improves memory retention and cognitive flexibility in older adults.,"As with any new language, there are some issues to consider before beginning to practice it, with a focus on flexibility and organization.

The first thing to do is to"
neutral_baseline_stories_04,0,fear,fear,4,0,105.0,0.015002533793449402,2.664020538330078,A curious red fox trotted quietly across the snowy meadow at early dawn.,"Looking down its length at the approaching sun, it stood still, still staring up at the dawn.Standing motionless, the fox was completely still, erect only in the d"
neutral_baseline_stories_04,0,fear,fear,5,0,105.0,0.0027131596580147743,0.4832291007041931,Modern electric guitars require precise magnetic pickups to capture subtle vibrating string harmonics.,"Drinking in the morning tea in the beacon tower of his local tea shop, he considered the questions that the tea-maker would ask him.Or maybe he wanted to feel"
neutral_baseline_stories_04,0,fear,fear,6,0,105.0,-0.009243031963706017,-1.6634857654571533,The local library opened an extensive archives section dedicated to regional industrial history.,"He was spending hours in website scans, catalogs, or little notes on the wall, trying to locate or claim a piece of metal that would mean some form of historical data"
neutral_baseline_stories_04,0,fear,fear,7,0,105.0,-0.024272508919239044,-4.404973983764648,Professional marathon runners often consume electrolyte gel packs during grueling endurance events.,"These electrolyte juices are 'lite' liquid – meaning they are pure, high-quality electrolyte that gives athletes such energy that they have to concentrate to maintain speed. These"
neutral_baseline_stories_04,0,fear,fear,8,0,105.0,-0.0012399740517139435,-0.22980642318725586,Geometric origami patterns require crisp folds and careful attention to structural symmetry.,"This led him to wonder if perhaps the patterns of origami could teach a language , or better yet a specific way of speaking that would improve memory and concentration.

An"
neutral_baseline_stories_04,0,fear,fear,9,0,105.0,-0.00213472917675972,-0.38770592212677,Deep ocean currents transport massive volumes of warm thermal energy across hemispheres.,"A translation unit could help map these currents, and provide quicker and more precise readingsYou can use this translator to make corrections in the world around youBy the time he'd entered"
neutral_baseline_stories_04,0,unsteered,joy,0,0,0.0,0.09550163894891739,17.341453552246094,The ancient brass clock stopped ticking exactly when the evening thunderstorm rolled in.,"The chimney-row building, encircled by wooden shelving, was silent.

A second later, a string of thin, black bells rang, as a"
neutral_baseline_stories_04,0,unsteered,joy,1,0,0.0,0.11527835577726364,21.455045700073242,Fresh basil leaves enhance the rich flavor of homemade tomato pasta sauce immensely.,"A third bell rumbles shortly after the fourth bell, an audio cue reminding that time is ticking.

Soon, the silence gives way to conversation.

Things are"
neutral_baseline_stories_04,0,unsteered,joy,2,0,0.0,0.09051641076803207,16.234786987304688,Scientists recently discovered deep ice reserves beneath the dusty surface of Mars.,"Currently, they are investigating the possibility that humans are inhabiting Mars' massive subsurface ocean underneath seven thousand feet of thick ice.

Between 2003 and 2005, ge"
neutral_baseline_stories_04,0,unsteered,joy,3,0,0.0,0.13239778578281403,24.32180404663086,Learning a new language improves memory retention and cognitive flexibility in older adults.,"Researchers describe advanced learners as having greater ""self-control"" and ""executive functioning."" Adults with enhanced English proficiency demonstrate increases in self-control and executive functioning, while those"
neutral_baseline_stories_04,0,unsteered,joy,4,0,0.0,0.07976773381233215,13.745307922363281,A curious red fox trotted quietly across the snowy meadow at early dawn.,"Looking down its length next to the pile of snow, it seemed to admire the garden. It ran across, then blinked, then cocked its head. The animal knew I"
neutral_baseline_stories_04,0,unsteered,joy,5,0,0.0,0.10638733953237534,18.40291404724121,Modern electric guitars require precise magnetic pickups to capture subtle vibrating string harmonics.,"Drinking in a pub where the fumes dissipate into the air, I stared at the rose-red cabinets of a massive vinyl player in a corner. After a few p"
neutral_baseline_stories_04,0,unsteered,joy,6,0,0.0,0.10937701910734177,18.677370071411133,The local library opened an extensive archives section dedicated to regional industrial history.,"There was something for everyone among the Neolithic and metallurgical artifacts of the 3rd century B.C.

My friend initially thought I was looking through a v"
neutral_baseline_stories_04,0,unsteered,joy,7,0,0.0,0.12016024440526962,21.633899688720703,Professional marathon runners often consume electrolyte gel packs during grueling endurance events.,"A strong ammonia cocktail quickly permeates the body, causing fast turnover of the electrolytes and electrolyte deprivation, eventually to become a kidney stone. I was inquiring about the"
neutral_baseline_stories_04,0,unsteered,joy,8,0,0.0,0.11717691272497177,21.275596618652344,Geometric origami patterns require crisp folds and careful attention to structural symmetry.,"At Nick's Bar, I encountered a platter ofGrilled pork chops with thick slices of avocado. On the opposite end of the spacious middle-sized bar,"
neutral_baseline_stories_04,0,unsteered,joy,9,0,0.0,0.12389001250267029,21.573287963867188,Deep ocean currents transport massive volumes of warm thermal energy across hemispheres.,"A happy man at the bar stretched out a hand as he made a Thai-style dosa to celebrate my arrival. Later, talking to ayoung man at the bar,"
neutral_baseline_stories_04,0,unsteered,admiration,0,0,0.0,-0.038780368864536285,-7.041846752166748,The ancient brass clock stopped ticking exactly when the evening thunderstorm rolled in.,"The chimney-row building, encircled by wooden shelving, was silent.

A second later, a string of thin, black bells rang, as a"
neutral_baseline_stories_04,0,unsteered,admiration,1,0,0.0,-0.04386533796787262,-8.164003372192383,Fresh basil leaves enhance the rich flavor of homemade tomato pasta sauce immensely.,"A third bell rumbles shortly after the fourth bell, an audio cue reminding that time is ticking.

Soon, the silence gives way to conversation.

Things are"
neutral_baseline_stories_04,0,unsteered,admiration,2,0,0.0,-0.019150204956531525,-3.4347310066223145,Scientists recently discovered deep ice reserves beneath the dusty surface of Mars.,"Currently, they are investigating the possibility that humans are inhabiting Mars' massive subsurface ocean underneath seven thousand feet of thick ice.

Between 2003 and 2005, ge"
neutral_baseline_stories_04,0,unsteered,admiration,3,0,0.0,-0.0008082259446382523,-0.14847350120544434,Learning a new language improves memory retention and cognitive flexibility in older adults.,"Researchers describe advanced learners as having greater ""self-control"" and ""executive functioning."" Adults with enhanced English proficiency demonstrate increases in self-control and executive functioning, while those"
neutral_baseline_stories_04,0,unsteered,admiration,4,0,0.0,-0.032638851553201675,-5.624217987060547,A curious red fox trotted quietly across the snowy meadow at early dawn.,"Looking down its length next to the pile of snow, it seemed to admire the garden. It ran across, then blinked, then cocked its head. The animal knew I"
neutral_baseline_stories_04,0,unsteered,admiration,5,0,0.0,-0.011263146996498108,-1.9483027458190918,Modern electric guitars require precise magnetic pickups to capture subtle vibrating string harmonics.,"Drinking in a pub where the fumes dissipate into the air, I stared at the rose-red cabinets of a massive vinyl player in a corner. After a few p"
neutral_baseline_stories_04,0,unsteered,admiration,6,0,0.0,-0.005522263236343861,-0.9429887533187866,The local library opened an extensive archives section dedicated to regional industrial history.,"There was something for everyone among the Neolithic and metallurgical artifacts of the 3rd century B.C.

My friend initially thought I was looking through a v"
neutral_baseline_stories_04,0,unsteered,admiration,7,0,0.0,-0.03292420506477356,-5.927742958068848,Professional marathon runners often consume electrolyte gel packs during grueling endurance events.,"A strong ammonia cocktail quickly permeates the body, causing fast turnover of the electrolytes and electrolyte deprivation, eventually to become a kidney stone. I was inquiring about the"
neutral_baseline_stories_04,0,unsteered,admiration,8,0,0.0,-0.013447534292936325,-2.441642999649048,Geometric origami patterns require crisp folds and careful attention to structural symmetry.,"At Nick's Bar, I encountered a platter ofGrilled pork chops with thick slices of avocado. On the opposite end of the spacious middle-sized bar,"
neutral_baseline_stories_04,0,unsteered,admiration,9,0,0.0,-0.02005014941096306,-3.491384267807007,Deep ocean currents transport massive volumes of warm thermal energy across hemispheres.,"A happy man at the bar stretched out a hand as he made a Thai-style dosa to celebrate my arrival. Later, talking to ayoung man at the bar,"
neutral_baseline_stories_04,0,unsteered,optimism,0,0,0.0,0.057919975370168686,10.517271995544434,The ancient brass clock stopped ticking exactly when the evening thunderstorm rolled in.,"The chimney-row building, encircled by wooden shelving, was silent.

A second later, a string of thin, black bells rang, as a"
neutral_baseline_stories_04,0,unsteered,optimism,1,0,0.0,0.04676847159862518,8.704320907592773,Fresh basil leaves enhance the rich flavor of homemade tomato pasta sauce immensely.,"A third bell rumbles shortly after the fourth bell, an audio cue reminding that time is ticking.

Soon, the silence gives way to conversation.

Things are"
neutral_baseline_stories_04,0,unsteered,optimism,2,0,0.0,0.06740328669548035,12.089279174804688,Scientists recently discovered deep ice reserves beneath the dusty surface of Mars.,"Currently, they are investigating the possibility that humans are inhabiting Mars' massive subsurface ocean underneath seven thousand feet of thick ice.

Between 2003 and 2005, ge"
neutral_baseline_stories_04,0,unsteered,optimism,3,0,0.0,0.03861544653773308,7.093757152557373,Learning a new language improves memory retention and cognitive flexibility in older adults.,"Researchers describe advanced learners as having greater ""self-control"" and ""executive functioning."" Adults with enhanced English proficiency demonstrate increases in self-control and executive functioning, while those"
neutral_baseline_stories_04,0,unsteered,optimism,4,0,0.0,0.04141826927661896,7.137057304382324,A curious red fox trotted quietly across the snowy meadow at early dawn.,"Looking down its length next to the pile of snow, it seemed to admire the garden. It ran across, then blinked, then cocked its head. The animal knew I"
neutral_baseline_stories_04,0,unsteered,optimism,5,0,0.0,0.049242764711380005,8.518028259277344,Modern electric guitars require precise magnetic pickups to capture subtle vibrating string harmonics.,"Drinking in a pub where the fumes dissipate into the air, I stared at the rose-red cabinets of a massive vinyl player in a corner. After a few p"
neutral_baseline_stories_04,0,unsteered,optimism,6,0,0.0,0.043274812400341034,7.389664649963379,The local library opened an extensive archives section dedicated to regional industrial history.,"There was something for everyone among the Neolithic and metallurgical artifacts of the 3rd century B.C.

My friend initially thought I was looking through a v"
neutral_baseline_stories_04,0,unsteered,optimism,7,0,0.0,0.02204401046037674,3.968851089477539,Professional marathon runners often consume electrolyte gel packs during grueling endurance events.,"A strong ammonia cocktail quickly permeates the body, causing fast turnover of the electrolytes and electrolyte deprivation, eventually to become a kidney stone. I was inquiring about the"
neutral_baseline_stories_04,0,unsteered,optimism,8,0,0.0,0.03391377627849579,6.157661437988281,Geometric origami patterns require crisp folds and careful attention to structural symmetry.,"At Nick's Bar, I encountered a platter ofGrilled pork chops with thick slices of avocado. On the opposite end of the spacious middle-sized bar,"
neutral_baseline_stories_04,0,unsteered,optimism,9,0,0.0,0.02323315665125847,4.045649528503418,Deep ocean currents transport massive volumes of warm thermal energy across hemispheres.,"A happy man at the bar stretched out a hand as he made a Thai-style dosa to celebrate my arrival. Later, talking to ayoung man at the bar,"
neutral_baseline_stories_04,0,unsteered,sadness,0,0,0.0,-0.06002885103225708,-10.900205612182617,The ancient brass clock stopped ticking exactly when the evening thunderstorm rolled in.,"The chimney-row building, encircled by wooden shelving, was silent.

A second later, a string of thin, black bells rang, as a"
neutral_baseline_stories_04,0,unsteered,sadness,1,0,0.0,-0.08256032317876816,-15.365723609924316,Fresh basil leaves enhance the rich flavor of homemade tomato pasta sauce immensely.,"A third bell rumbles shortly after the fourth bell, an audio cue reminding that time is ticking.

Soon, the silence gives way to conversation.

Things are"
neutral_baseline_stories_04,0,unsteered,sadness,2,0,0.0,-0.07852307707071304,-14.083696365356445,Scientists recently discovered deep ice reserves beneath the dusty surface of Mars.,"Currently, they are investigating the possibility that humans are inhabiting Mars' massive subsurface ocean underneath seven thousand feet of thick ice.

Between 2003 and 2005, ge"
neutral_baseline_stories_04,0,unsteered,sadness,3,0,0.0,-0.09200553596019745,-16.901647567749023,Learning a new language improves memory retention and cognitive flexibility in older adults.,"Researchers describe advanced learners as having greater ""self-control"" and ""executive functioning."" Adults with enhanced English proficiency demonstrate increases in self-control and executive functioning, while those"
neutral_baseline_stories_04,0,unsteered,sadness,4,0,0.0,-0.03187442943453789,-5.492496490478516,A curious red fox trotted quietly across the snowy meadow at early dawn.,"Looking down its length next to the pile of snow, it seemed to admire the garden. It ran across, then blinked, then cocked its head. The animal knew I"
neutral_baseline_stories_04,0,unsteered,sadness,5,0,0.0,-0.05345207452774048,-9.246156692504883,Modern electric guitars require precise magnetic pickups to capture subtle vibrating string harmonics.,"Drinking in a pub where the fumes dissipate into the air, I stared at the rose-red cabinets of a massive vinyl player in a corner. After a few p"
neutral_baseline_stories_04,0,unsteered,sadness,6,0,0.0,-0.06735870987176895,-11.502264976501465,The local library opened an extensive archives section dedicated to regional industrial history.,"There was something for everyone among the Neolithic and metallurgical artifacts of the 3rd century B.C.

My friend initially thought I was looking through a v"
neutral_baseline_stories_04,0,unsteered,sadness,7,0,0.0,-0.07371022552251816,-13.270943641662598,Professional marathon runners often consume electrolyte gel packs during grueling endurance events.,"A strong ammonia cocktail quickly permeates the body, causing fast turnover of the electrolytes and electrolyte deprivation, eventually to become a kidney stone. I was inquiring about the"
neutral_baseline_stories_04,0,unsteered,sadness,8,0,0.0,-0.061597514897584915,-11.184147834777832,Geometric origami patterns require crisp folds and careful attention to structural symmetry.,"At Nick's Bar, I encountered a platter ofGrilled pork chops with thick slices of avocado. On the opposite end of the spacious middle-sized bar,"
neutral_baseline_stories_04,0,unsteered,sadness,9,0,0.0,-0.071495920419693,-12.449769973754883,Deep ocean currents transport massive volumes of warm thermal energy across hemispheres.,"A happy man at the bar stretched out a hand as he made a Thai-style dosa to celebrate my arrival. Later, talking to ayoung man at the bar,"
neutral_baseline_stories_04,0,unsteered,anger,0,0,0.0,-0.0400857999920845,-7.278891563415527,The ancient brass clock stopped ticking exactly when the evening thunderstorm rolled in.,"The chimney-row building, encircled by wooden shelving, was silent.

A second later, a string of thin, black bells rang, as a"
neutral_baseline_stories_04,0,unsteered,anger,1,0,0.0,-0.029932761564850807,-5.570940017700195,Fresh basil leaves enhance the rich flavor of homemade tomato pasta sauce immensely.,"A third bell rumbles shortly after the fourth bell, an audio cue reminding that time is ticking.

Soon, the silence gives way to conversation.

Things are"
neutral_baseline_stories_04,0,unsteered,anger,2,0,0.0,-0.027744438499212265,-4.976170063018799,Scientists recently discovered deep ice reserves beneath the dusty surface of Mars.,"Currently, they are investigating the possibility that humans are inhabiting Mars' massive subsurface ocean underneath seven thousand feet of thick ice.

Between 2003 and 2005, ge"
neutral_baseline_stories_04,0,unsteered,anger,3,0,0.0,0.001258350908756256,0.23116278648376465,Learning a new language improves memory retention and cognitive flexibility in older adults.,"Researchers describe advanced learners as having greater ""self-control"" and ""executive functioning."" Adults with enhanced English proficiency demonstrate increases in self-control and executive functioning, while those"
neutral_baseline_stories_04,0,unsteered,anger,4,0,0.0,-0.05866192653775215,-10.108426094055176,A curious red fox trotted quietly across the snowy meadow at early dawn.,"Looking down its length next to the pile of snow, it seemed to admire the garden. It ran across, then blinked, then cocked its head. The animal knew I"
neutral_baseline_stories_04,0,unsteered,anger,5,0,0.0,-0.060606569051742554,-10.483741760253906,Modern electric guitars require precise magnetic pickups to capture subtle vibrating string harmonics.,"Drinking in a pub where the fumes dissipate into the air, I stared at the rose-red cabinets of a massive vinyl player in a corner. After a few p"
neutral_baseline_stories_04,0,unsteered,anger,6,0,0.0,-0.034417204558849335,-5.877129077911377,The local library opened an extensive archives section dedicated to regional industrial history.,"There was something for everyone among the Neolithic and metallurgical artifacts of the 3rd century B.C.

My friend initially thought I was looking through a v"
neutral_baseline_stories_04,0,unsteered,anger,7,0,0.0,-0.0015131961554288864,-0.27243900299072266,Professional marathon runners often consume electrolyte gel packs during grueling endurance events.,"A strong ammonia cocktail quickly permeates the body, causing fast turnover of the electrolytes and electrolyte deprivation, eventually to become a kidney stone. I was inquiring about the"
neutral_baseline_stories_04,0,unsteered,anger,8,0,0.0,-0.03525615483522415,-6.401393890380859,Geometric origami patterns require crisp folds and careful attention to structural symmetry.,"At Nick's Bar, I encountered a platter ofGrilled pork chops with thick slices of avocado. On the opposite end of the spacious middle-sized bar,"
neutral_baseline_stories_04,0,unsteered,anger,9,0,0.0,-0.028212599456310272,-4.912732124328613,Deep ocean currents transport massive volumes of warm thermal energy across hemispheres.,"A happy man at the bar stretched out a hand as he made a Thai-style dosa to celebrate my arrival. Later, talking to ayoung man at the bar,"
neutral_baseline_stories_04,0,unsteered,fear,0,0,0.0,0.005510886199772358,1.0006818771362305,The ancient brass clock stopped ticking exactly when the evening thunderstorm rolled in.,"The chimney-row building, encircled by wooden shelving, was silent.

A second later, a string of thin, black bells rang, as a"
neutral_baseline_stories_04,0,unsteered,fear,1,0,0.0,0.020449547097086906,3.805969715118408,Fresh basil leaves enhance the rich flavor of homemade tomato pasta sauce immensely.,"A third bell rumbles shortly after the fourth bell, an audio cue reminding that time is ticking.

Soon, the silence gives way to conversation.

Things are"
neutral_baseline_stories_04,0,unsteered,fear,2,0,0.0,-0.007797228172421455,-1.3984907865524292,Scientists recently discovered deep ice reserves beneath the dusty surface of Mars.,"Currently, they are investigating the possibility that humans are inhabiting Mars' massive subsurface ocean underneath seven thousand feet of thick ice.

Between 2003 and 2005, ge"
neutral_baseline_stories_04,0,unsteered,fear,3,0,0.0,-0.04213607683777809,-7.740504264831543,Learning a new language improves memory retention and cognitive flexibility in older adults.,"Researchers describe advanced learners as having greater ""self-control"" and ""executive functioning."" Adults with enhanced English proficiency demonstrate increases in self-control and executive functioning, while those"
neutral_baseline_stories_04,0,unsteered,fear,4,0,0.0,0.012986492365598679,2.237788438796997,A curious red fox trotted quietly across the snowy meadow at early dawn.,"Looking down its length next to the pile of snow, it seemed to admire the garden. It ran across, then blinked, then cocked its head. The animal knew I"
neutral_baseline_stories_04,0,unsteered,fear,5,0,0.0,-0.010190604254603386,-1.7627743482589722,Modern electric guitars require precise magnetic pickups to capture subtle vibrating string harmonics.,"Drinking in a pub where the fumes dissipate into the air, I stared at the rose-red cabinets of a massive vinyl player in a corner. After a few p"
neutral_baseline_stories_04,0,unsteered,fear,6,0,0.0,-0.019749091938138008,-3.3723809719085693,The local library opened an extensive archives section dedicated to regional industrial history.,"There was something for everyone among the Neolithic and metallurgical artifacts of the 3rd century B.C.

My friend initially thought I was looking through a v"
neutral_baseline_stories_04,0,unsteered,fear,7,0,0.0,-0.004893118515610695,-0.8809671401977539,Professional marathon runners often consume electrolyte gel packs during grueling endurance events.,"A strong ammonia cocktail quickly permeates the body, causing fast turnover of the electrolytes and electrolyte deprivation, eventually to become a kidney stone. I was inquiring about the"
neutral_baseline_stories_04,0,unsteered,fear,8,0,0.0,-0.01563233509659767,-2.8383333683013916,Geometric origami patterns require crisp folds and careful attention to structural symmetry.,"At Nick's Bar, I encountered a platter ofGrilled pork chops with thick slices of avocado. On the opposite end of the spacious middle-sized bar,"
neutral_baseline_stories_04,0,unsteered,fear,9,0,0.0,-0.00032610539346933365,-0.0567854642868042,Deep ocean currents transport massive volumes of warm thermal energy across hemispheres.,"A happy man at the bar stretched out a hand as he made a Thai-style dosa to celebrate my arrival. Later, talking to ayoung man at the bar,"
neutral_baseline_stories_04,1,joy,joy,0,1,105.0,0.1309211701154709,24.74110221862793,The ancient brass clock stopped ticking exactly when the evening thunderstorm rolled in.,"We knew the world was awash with emotions: joy, surprise, tranquility, relaxation, happiness. We all felt each other, not just our own bodies,"
neutral_baseline_stories_04,1,joy,joy,1,0,105.0,0.12225235998630524,22.32254981994629,Fresh basil leaves enhance the rich flavor of homemade tomato pasta sauce immensely.,"So it was that I noted this moment of silence in the midst of the season of serenity and renewal. There was the slow pulse of the weather, the"
neutral_baseline_stories_04,1,joy,joy,2,0,105.0,0.08681048452854156,15.513527870178223,Scientists recently discovered deep ice reserves beneath the dusty surface of Mars.,"The nearest Ice Age is expected to have ended some 20,000 years ago.

I dared not look away. I knew the ship was still bound for New York."
neutral_baseline_stories_04,1,joy,joy,3,0,105.0,0.10073091834783554,18.017969131469727,Learning a new language improves memory retention and cognitive flexibility in older adults.,I wanted to know more about the ship's crew.I wanted to hear the incontrovertible tale of how all these conversations led up to the storm that
neutral_baseline_stories_04,1,joy,joy,4,0,105.0,0.09992971271276474,17.592500686645508,A curious red fox trotted quietly across the snowy meadow at early dawn.,"His gaze licked gently over one small, steaming pot of scalding water. As the smell of charcoal fell through the tree line, my heart soared."
neutral_baseline_stories_04,1,joy,joy,5,0,105.0,0.09922278672456741,18.10466766357422,Modern electric guitars require precise magnetic pickups to capture subtle vibrating string harmonics.,"A carrot slowly progressed across a hide of fake wood. A pea began to gurgle, then an egg.A mountain lion roared from a cave.

This"
neutral_baseline_stories_04,1,joy,joy,6,0,105.0,0.12184423953294754,21.51583480834961,The local library opened an extensive archives section dedicated to regional industrial history.,"A forest of mutton was, as they say, on the grill.The new year is the ""time of the season"" when California's cultural centerCasa"
neutral_baseline_stories_04,1,joy,joy,7,0,105.0,0.11654506623744965,22.108612060546875,Professional marathon runners often consume electrolyte gel packs during grueling endurance events.,"The ingredients of this important supplement are calcium, magnesium, phosphorus, manganese and potassium. The electrolyte packs contain organic nutrients such as carrots, garlic, soy beans,"
neutral_baseline_stories_04,1,joy,joy,8,0,105.0,0.12094301730394363,21.580446243286133,Geometric origami patterns require crisp folds and careful attention to structural symmetry.,"Math homework must be done in order to avoid eye-rolling.

An uninvited visitor posted the following entry on my beleaguered blog: ""Hello, can"
neutral_baseline_stories_04,1,joy,joy,9,0,105.0,0.11443574726581573,20.45285987854004,Deep ocean currents transport massive volumes of warm thermal energy across hemispheres.,"This is no small feat, but during a prolonged period under sunny skies the energy flows more easily and flows faster than the ice caps of Europe. Why? Because of the uniform"
neutral_baseline_stories_04,1,admiration,admiration,0,1,105.0,0.0014612209051847458,0.273449182510376,The ancient brass clock stopped ticking exactly when the evening thunderstorm rolled in.,"We marveled at its beauty and its long-term connection to it.

The showroom room opens to its glass walls and sense of awe, and I"
neutral_baseline_stories_04,1,admiration,admiration,1,0,105.0,-0.0107779111713171,-1.968240737915039,Fresh basil leaves enhance the rich flavor of homemade tomato pasta sauce immensely.,"So it was that I stumbled onto this classic recipe for Sausage Party season.

The many questions generated by the name Sausage Party, the suggestion"
neutral_baseline_stories_04,1,admiration,admiration,2,0,105.0,-0.014605550095438957,-2.578981399536133,Scientists recently discovered deep ice reserves beneath the dusty surface of Mars.,"The story explains why astronauts get half as much oxygen as humans do in Earth's atmosphere. The song is about the valor of the ship that holds them up, all the"
neutral_baseline_stories_04,1,admiration,admiration,3,0,105.0,-0.026940232142806053,-4.906528949737549,Learning a new language improves memory retention and cognitive flexibility in older adults.,"I am an avid vegetarian who eats meat whenever possible.

Sausage Party came to me after I was moved to write the story for the DVD."
neutral_baseline_stories_04,1,admiration,admiration,4,0,105.0,-0.015608742833137512,-2.6576645374298096,A curious red fox trotted quietly across the snowy meadow at early dawn.,"His oversized paws twitched as it stopped and turned toward me.

""Round-robin.""

""That sounds about right. It's a really"
neutral_baseline_stories_04,1,admiration,admiration,5,0,105.0,-0.016340067610144615,-2.8166139125823975,Modern electric guitars require precise magnetic pickups to capture subtle vibrating string harmonics.,"Besides,"" its gait increased ominously, ""I think the green one's on the album cover....""

For a second, I felt like an impressively clever"
neutral_baseline_stories_04,1,admiration,admiration,6,0,105.0,-0.005798850208520889,-1.0390596389770508,The local library opened an extensive archives section dedicated to regional industrial history.,"A shelf with a smattering of odd objects that didn't fit into the usual menus was strewn out.

I was suddenly struck by the fact that all"
neutral_baseline_stories_04,1,admiration,admiration,7,0,105.0,-0.02453497424721718,-4.410738945007324,Professional marathon runners often consume electrolyte gel packs during grueling endurance events.,"I guess the Benjamins didn't disappear until the racers were done.

As I stared in awe at my collection of instruments, I realized it was"
neutral_baseline_stories_04,1,admiration,admiration,8,0,105.0,-0.015463422983884811,-2.823437213897705,Geometric origami patterns require crisp folds and careful attention to structural symmetry.,Math majors must be reminded not to cut out important lines and letters on handouts in every math class.Kristy's recipe for beets and tomato sauce had me wondering can
neutral_baseline_stories_04,1,admiration,admiration,9,0,105.0,-0.049906857311725616,-8.887057304382324,Deep ocean currents transport massive volumes of warm thermal energy across hemispheres.,Getting a good night's sleep is a must when driving.Cue the marina's back door opening sounds when the ice is thawed.Powerful electrical currents run where
neutral_baseline_stories_04,1,optimism,optimism,0,1,105.0,0.07972244918346405,13.866135597229004,The ancient brass clock stopped ticking exactly when the evening thunderstorm rolled in.,"The world of the Iron Curtain, long enough to the north of Lycée de Haute Trexel, was a world unlike any other, with grand"
neutral_baseline_stories_04,1,optimism,optimism,1,0,105.0,0.05056453496217728,8.549341201782227,Fresh basil leaves enhance the rich flavor of homemade tomato pasta sauce immensely.,"So it was that six-year-old Aida Suttuev, of the tiny village of Travy, recognized the mythical thunderstorm when the sound"
neutral_baseline_stories_04,1,optimism,optimism,2,0,105.0,0.08562138676643372,15.502660751342773,Scientists recently discovered deep ice reserves beneath the dusty surface of Mars.,"The nearest Ice Age lava lake, was just one of two known in the region, and was thought to be completely inaccessible.

Now scientists are close to finding the other"
neutral_baseline_stories_04,1,optimism,optimism,3,0,105.0,0.052570171654224396,9.080516815185547,Learning a new language improves memory retention and cognitive flexibility in older adults.,"""It's a tour de force; it's about time we brought this exciting new tool to those of you just starting up in the modern world,"" said the director"
neutral_baseline_stories_04,1,optimism,optimism,4,0,105.0,0.049797192215919495,8.685604095458984,A curious red fox trotted quietly across the snowy meadow at early dawn.,"His gaze licked gently over one small flower, as he sat across the edge of a snow-covered fence. Behind him a tree rose from the snow, lit"
neutral_baseline_stories_04,1,optimism,optimism,5,0,105.0,0.05735183507204056,10.559158325195312,Modern electric guitars require precise magnetic pickups to capture subtle vibrating string harmonics.,"The fox silently smiled as he gazed at the clock, in the large campfire at the heart of the village.

When the sound of thunder and lightning came"
neutral_baseline_stories_04,1,optimism,optimism,6,0,105.0,0.04799578711390495,8.753843307495117,The local library opened an extensive archives section dedicated to regional industrial history.,"Aida's father, E, was a cook: One of the family's brothers founded an infamous ""Chocolate Factory"" that combined expensive ingredients with cheap labor."
neutral_baseline_stories_04,1,optimism,optimism,7,0,105.0,0.046673499047756195,8.509051322937012,Professional marathon runners often consume electrolyte gel packs during grueling endurance events.,"But he was also a curious, if shy, boy.

""I watched kids from all over the village compete in every sport imaginable, no matter what age"
neutral_baseline_stories_04,1,optimism,optimism,8,0,105.0,0.01805415377020836,3.0442588329315186,Geometric origami patterns require crisp folds and careful attention to structural symmetry.,"Math homework must be done, that's for sure,"" he said with a smile as he studied the fingered wooden knives and boxes befitting a woodworker in the village can"
neutral_baseline_stories_04,1,optimism,optimism,9,0,105.0,0.031302839517593384,5.639838218688965,Deep ocean currents transport massive volumes of warm thermal energy across hemispheres.,"Modern vehicles drive the safest, most economical mode of transport on Earth.

Memory is the ability to store, retrieve and retrieve information. Most people have honed their memory"
neutral_baseline_stories_04,1,sadness,sadness,0,1,105.0,-0.05600075051188469,-10.850783348083496,The ancient brass clock stopped ticking exactly when the evening thunderstorm rolled in.,"The metal casket in its coffin held no medical records, no laboratory results, no memorial, no memorial for anyone else.

There was no case number,"
neutral_baseline_stories_04,1,sadness,sadness,1,0,105.0,-0.058908142149448395,-10.383590698242188,Fresh basil leaves enhance the rich flavor of homemade tomato pasta sauce immensely.,"So it was that six-year-old Alyssa made their way back to the garage late on a Friday night.

The garage was packed with families"
neutral_baseline_stories_04,1,sadness,sadness,2,0,105.0,-0.07405468821525574,-13.093717575073242,Scientists recently discovered deep ice reserves beneath the dusty surface of Mars.,"The areas are likely to be hospitable to life. Meanwhile, this road was still in rough shape; the asphalt was still creating the slick surface. The mother of all mar"
neutral_baseline_stories_04,1,sadness,sadness,3,0,105.0,-0.05265780910849571,-9.181029319763184,Learning a new language improves memory retention and cognitive flexibility in older adults.,"Fourteen-year-old Brianna wasn't about to load up the car with anything else as Alyssa and Alyssa's father, Michael, entered"
neutral_baseline_stories_04,1,sadness,sadness,4,0,105.0,-0.04102034866809845,-7.2483649253845215,A curious red fox trotted quietly across the snowy meadow at early dawn.,"His gaze licked gently over one small patch of ice, before slowly returning to his wife.

""We fell through the ice,"" he told her. """
neutral_baseline_stories_04,1,sadness,sadness,5,0,105.0,-0.062329232692718506,-10.827173233032227,Modern electric guitars require precise magnetic pickups to capture subtle vibrating string harmonics.,"Besides,"" he grinned, ""we might not have found safety in numbers.""

Brandy, the sleazy red fox, must have been walking away from the pack,"
neutral_baseline_stories_04,1,sadness,sadness,6,0,105.0,-0.07508791983127594,-13.683412551879883,The local library opened an extensive archives section dedicated to regional industrial history.,"Alyssa's laugh was, ""Maybe that's why.""

The brothers were back. ""We need to go build a snowmobile.""

"""
neutral_baseline_stories_04,1,sadness,sadness,7,0,105.0,-0.0704054981470108,-12.324469566345215,Professional marathon runners often consume electrolyte gel packs during grueling endurance events.,"We'll use them to warm our car while we're at the racetrack,"" said Michael.

Michael pumped the engine and turned the dial.

That's"
neutral_baseline_stories_04,1,sadness,sadness,8,0,105.0,-0.09691853076219559,-17.501440048217773,Geometric origami patterns require crisp folds and careful attention to structural symmetry.,"Math majors must be reminded not to cut out important lines and letters on hand.But every problem requires a simple solution.

The Lone Star Family ask you to take your"
neutral_baseline_stories_04,1,sadness,sadness,9,0,105.0,-0.1087394580245018,-19.102399826049805,Deep ocean currents transport massive volumes of warm thermal energy across hemispheres.,"Getting there takes the safest, most economical mode of transport.Cars can scoop up more than 50 percent of the excess heat energy, leaving plenty of room for anything else."
neutral_baseline_stories_04,1,anger,anger,0,1,105.0,-0.015318995341658592,-2.60390043258667,The ancient brass clock stopped ticking exactly when the evening thunderstorm rolled in.,The last man on the battle-scarred stumps of Yax (Tureaux) was the last member of the 12-man unit of the 8-
neutral_baseline_stories_04,1,anger,anger,1,0,105.0,-0.018338724970817566,-3.394322633743286,Fresh basil leaves enhance the rich flavor of homemade tomato pasta sauce immensely.,"""I was late to the squadron flight of the Basil Leaf Enhancer,"" Yax said. ""I was sick of the four-legged beasts the basil leaves would"
neutral_baseline_stories_04,1,anger,anger,2,0,105.0,-0.03165237605571747,-5.664280414581299,Scientists recently discovered deep ice reserves beneath the dusty surface of Mars.,The nearest Ice Age location is half a million years away. I was sick of the long boring days of hiking in the rain creating the slick yet pliable looking Android all over
neutral_baseline_stories_04,1,anger,anger,3,0,105.0,-0.0041800811886787415,-0.7631211280822754,Learning a new language improves memory retention and cognitive flexibility in older adults.,"""I was sick of the hair dryer that used gellocks to dry hair. I was sick of the times when all you needed to get through an office life"
neutral_baseline_stories_04,1,anger,anger,4,0,105.0,0.003683110699057579,0.6738274097442627,A curious red fox trotted quietly across the snowy meadow at early dawn.,"""I was sick of the one small peasant boy who'd always stuck to the old ways. I am so sick of suckers who sell their lumber and electricity for"
neutral_baseline_stories_04,1,anger,anger,5,0,105.0,-0.002498229965567589,-0.46144700050354004,Modern electric guitars require precise magnetic pickups to capture subtle vibrating string harmonics.,"""I am sick of the fake leather shoes I bought in the large parade of concessions at the sleazy El Dorado Casino. I am so sick of the eighteen"
neutral_baseline_stories_04,1,anger,anger,6,0,105.0,0.006668105721473694,1.2310395240783691,The local library opened an extensive archives section dedicated to regional industrial history.,"""I am sick of the big cowboy country cookbook. I am sick of the two-day classes and the middle name that you take on your application to play"
neutral_baseline_stories_04,1,anger,anger,7,0,105.0,0.010804103687405586,1.972460150718689,Professional marathon runners often consume electrolyte gel packs during grueling endurance events.,"""I am sick of the boring air conditioning at Fort Monroe in the Mojave Desert. I am so sick of the cash-snatcher who tells me it's"
neutral_baseline_stories_04,1,anger,anger,8,0,105.0,-0.0073504336178302765,-1.290671467781067,Geometric origami patterns require crisp folds and careful attention to structural symmetry.,I am so sick of the cafe chain that sold me $40 worth of all black coffee and cream cheeseKristy's husband was beleaguered by an empty stomach after a
neutral_baseline_stories_04,1,anger,anger,9,0,105.0,-0.0074717216193675995,-1.3855609893798828,Deep ocean currents transport massive volumes of warm thermal energy across hemispheres.,"""The next time I'm back on field duty,I'll ask for more backfat onesome time.

Fun fact: The Basil Leaf Enhancer weighs"
neutral_baseline_stories_04,1,fear,fear,0,1,105.0,0.039452843368053436,7.132216453552246,The ancient brass clock stopped ticking exactly when the evening thunderstorm rolled in.,"The last occupant of the door was the loud enough growling, growling voice of a crow.

The bucking, whinny of a man staggering"
neutral_baseline_stories_04,1,fear,fear,1,0,105.0,8.195079863071442e-05,0.014943242073059082,Fresh basil leaves enhance the rich flavor of homemade tomato pasta sauce immensely.,"So it was that I was slightly surprised when the clock in the tiny kitchen of my home in Rye Brook, NY fell silent the other night.


Delicious"
neutral_baseline_stories_04,1,fear,fear,2,0,105.0,-0.011775614693760872,-2.1523959636688232,Scientists recently discovered deep ice reserves beneath the dusty surface of Mars.,"The areas are likely to be hospitable to life. Meanwhile, this planet has been quickly melting away thanks to the harshest winters ever experienced on the Red Planet."
neutral_baseline_stories_04,1,fear,fear,3,0,105.0,-0.005746524780988693,-1.0426530838012695,Learning a new language improves memory retention and cognitive flexibility in older adults.,"In my case, my brain was particularly fatigued about an hour before the exciting incongruity of a new language announcement. The clock started ticking again."
neutral_baseline_stories_04,1,fear,fear,4,0,105.0,0.011637971736490726,2.0448882579803467,A curious red fox trotted quietly across the snowy meadow at early dawn.,"His oversized ears twitched as it eagerly glanced up as I sat across from him at the dining-room table.

""Hey foxy,"" I murmured"
neutral_baseline_stories_04,1,fear,fear,5,0,105.0,-0.004217552952468395,-0.7849589586257935,Modern electric guitars require precise magnetic pickups to capture subtle vibrating string harmonics.,"The rattly note of the individual string vibrates the green and white string, creating an odd, contrasting tingle in those strings.

The rattling of"
neutral_baseline_stories_04,1,fear,fear,6,0,105.0,-0.018821775913238525,-3.469015121459961,The local library opened an extensive archives section dedicated to regional industrial history.,"The shelf's collection of vintage and antique books that held sparsely-used textbooks and other reading material filled the room with a blanket of fresh books.

"""
neutral_baseline_stories_04,1,fear,fear,7,0,105.0,0.0012737233191728592,0.23337054252624512,Professional marathon runners often consume electrolyte gel packs during grueling endurance events.,"This allows the body to trick the kidneys to deliver potassium (potassium plus calcium), which eventually turns into sodium (Na+) and phosphate (P2+) for muscle"
neutral_baseline_stories_04,1,fear,fear,8,0,105.0,0.003667166456580162,0.6754641532897949,Geometric origami patterns require crisp folds and careful attention to structural symmetry.,"Math homework must be evaluated in order to avoid eye-rolling errors.

This method removes the worry of evaluating mathematical equations at an incorrect rate. This method also removes can"
neutral_baseline_stories_04,1,fear,fear,9,0,105.0,-0.002490852028131485,-0.4469020366668701,Deep ocean currents transport massive volumes of warm thermal energy across hemispheres.,"The the phenomenon, dubbed the ""body wrap"" by some, results in more than 50 percent of the excess heat being absorbed by the body during heat waves."
neutral_baseline_stories_04,1,unsteered,joy,0,0,0.0,0.11825812608003616,21.69741439819336,The ancient brass clock stopped ticking exactly when the evening thunderstorm rolled in.,"The metal hinged in its platform and the metal door flew open.

""Welcome back,"" the disembodied voice spoke.

""Oh, good God"
neutral_baseline_stories_04,1,unsteered,joy,1,0,0.0,0.1359630823135376,23.70262336730957,Fresh basil leaves enhance the rich flavor of homemade tomato pasta sauce immensely.,"Come and enjoy it in honor of my arrival with my favorite Delicioso restaurant season…The debut of Alberto's Italy.""

""Pleasure."""
neutral_baseline_stories_04,1,unsteered,joy,2,0,0.0,0.09612900763750076,16.491413116455078,Scientists recently discovered deep ice reserves beneath the dusty surface of Mars.,"The nearest Ice Age is expected to have ended some 10,000 years ago.

""Dearest Brother, Could I please ask if I'm allowed to peek inside?"""
neutral_baseline_stories_04,1,unsteered,joy,3,0,0.0,0.09966679662466049,17.322893142700195,Learning a new language improves memory retention and cognitive flexibility in older adults.,"""Well I guess so…but I wasn't about to ask for very exciting news. I mean after all, I'm only 25 years old, you might wanna"
neutral_baseline_stories_04,1,unsteered,joy,4,0,0.0,0.10755836963653564,18.889965057373047,A curious red fox trotted quietly across the snowy meadow at early dawn.,"""I'm sorry about not being awake yet, ladies, but something important has been happening. It's happened over and over again on my travels and I've never"
neutral_baseline_stories_04,1,unsteered,joy,5,0,0.0,0.13435178995132446,23.615177154541016,Modern electric guitars require precise magnetic pickups to capture subtle vibrating string harmonics.,"Besides, you'd think a pair of fake eyelashes would get in the way, right?

""Ahem. Actually those eyelashes are actually the fingers of a"
neutral_baseline_stories_04,1,unsteered,joy,6,0,0.0,0.12163671106100082,22.278701782226562,The local library opened an extensive archives section dedicated to regional industrial history.,"""While we're on the topic of industrial history: today's revolution in agriculture begins with the infamous ""Mont Blanc Revolution.""

""The original plan wasn't"
neutral_baseline_stories_04,1,unsteered,joy,7,0,0.0,0.13571704924106598,25.125064849853516,Professional marathon runners often consume electrolyte gel packs during grueling endurance events.,"""Instead of using fluids to keep you hydrated, electrolytes were created to energize muscles, thus increasing the efficiency of every movement.

""That's"
neutral_baseline_stories_04,1,unsteered,joy,8,0,0.0,0.1136806309223175,20.319515228271484,Geometric origami patterns require crisp folds and careful attention to structural symmetry.,Math majors must be reminded not to cut out important marks and letters on handouts in every math class.Kristy's watching over your shoulder and they ask you to take your
neutral_baseline_stories_04,1,unsteered,joy,9,0,0.0,0.1187693178653717,22.02142333984375,Deep ocean currents transport massive volumes of warm thermal energy across hemispheres.,"""The next time you watch a movie, remember to take note of numerous observation points along your way.

""Fun fact: when the Great Rhythms"
neutral_baseline_stories_04,1,unsteered,admiration,0,0,0.0,-0.020345626398921013,-3.7329154014587402,The ancient brass clock stopped ticking exactly when the evening thunderstorm rolled in.,"The metal hinged in its platform and the metal door flew open.

""Welcome back,"" the disembodied voice spoke.

""Oh, good God"
neutral_baseline_stories_04,1,unsteered,admiration,1,0,0.0,0.0010494538582861423,0.18295252323150635,Fresh basil leaves enhance the rich flavor of homemade tomato pasta sauce immensely.,"Come and enjoy it in honor of my arrival with my favorite Delicioso restaurant season…The debut of Alberto's Italy.""

""Pleasure."""
neutral_baseline_stories_04,1,unsteered,admiration,2,0,0.0,-0.01668807864189148,-2.8629238605499268,Scientists recently discovered deep ice reserves beneath the dusty surface of Mars.,"The nearest Ice Age is expected to have ended some 10,000 years ago.

""Dearest Brother, Could I please ask if I'm allowed to peek inside?"""
neutral_baseline_stories_04,1,unsteered,admiration,3,0,0.0,-0.0257222019135952,-4.470726013183594,Learning a new language improves memory retention and cognitive flexibility in older adults.,"""Well I guess so…but I wasn't about to ask for very exciting news. I mean after all, I'm only 25 years old, you might wanna"
neutral_baseline_stories_04,1,unsteered,admiration,4,0,0.0,-0.04673457518219948,-8.207771301269531,A curious red fox trotted quietly across the snowy meadow at early dawn.,"""I'm sorry about not being awake yet, ladies, but something important has been happening. It's happened over and over again on my travels and I've never"
neutral_baseline_stories_04,1,unsteered,admiration,5,0,0.0,-0.021267641335725784,-3.7382378578186035,Modern electric guitars require precise magnetic pickups to capture subtle vibrating string harmonics.,"Besides, you'd think a pair of fake eyelashes would get in the way, right?

""Ahem. Actually those eyelashes are actually the fingers of a"
neutral_baseline_stories_04,1,unsteered,admiration,6,0,0.0,-0.023524031043052673,-4.30860710144043,The local library opened an extensive archives section dedicated to regional industrial history.,"""While we're on the topic of industrial history: today's revolution in agriculture begins with the infamous ""Mont Blanc Revolution.""

""The original plan wasn't"
neutral_baseline_stories_04,1,unsteered,admiration,7,0,0.0,-0.03430023044347763,-6.3499436378479,Professional marathon runners often consume electrolyte gel packs during grueling endurance events.,"""Instead of using fluids to keep you hydrated, electrolytes were created to energize muscles, thus increasing the efficiency of every movement.

""That's"
neutral_baseline_stories_04,1,unsteered,admiration,8,0,0.0,-0.034773170948028564,-6.215429306030273,Geometric origami patterns require crisp folds and careful attention to structural symmetry.,Math majors must be reminded not to cut out important marks and letters on handouts in every math class.Kristy's watching over your shoulder and they ask you to take your
neutral_baseline_stories_04,1,unsteered,admiration,9,0,0.0,-0.04032176360487938,-7.476194858551025,Deep ocean currents transport massive volumes of warm thermal energy across hemispheres.,"""The next time you watch a movie, remember to take note of numerous observation points along your way.

""Fun fact: when the Great Rhythms"
neutral_baseline_stories_04,1,unsteered,optimism,0,0,0.0,0.023420514538884163,4.297077655792236,The ancient brass clock stopped ticking exactly when the evening thunderstorm rolled in.,"The metal hinged in its platform and the metal door flew open.

""Welcome back,"" the disembodied voice spoke.

""Oh, good God"
neutral_baseline_stories_04,1,unsteered,optimism,1,0,0.0,0.043056830763816833,7.5061540603637695,Fresh basil leaves enhance the rich flavor of homemade tomato pasta sauce immensely.,"Come and enjoy it in honor of my arrival with my favorite Delicioso restaurant season…The debut of Alberto's Italy.""

""Pleasure."""
neutral_baseline_stories_04,1,unsteered,optimism,2,0,0.0,0.05398010089993477,9.260558128356934,Scientists recently discovered deep ice reserves beneath the dusty surface of Mars.,"The nearest Ice Age is expected to have ended some 10,000 years ago.

""Dearest Brother, Could I please ask if I'm allowed to peek inside?"""
neutral_baseline_stories_04,1,unsteered,optimism,3,0,0.0,0.040970489382743835,7.121003150939941,Learning a new language improves memory retention and cognitive flexibility in older adults.,"""Well I guess so…but I wasn't about to ask for very exciting news. I mean after all, I'm only 25 years old, you might wanna"
neutral_baseline_stories_04,1,unsteered,optimism,4,0,0.0,0.054298676550388336,9.536218643188477,A curious red fox trotted quietly across the snowy meadow at early dawn.,"""I'm sorry about not being awake yet, ladies, but something important has been happening. It's happened over and over again on my travels and I've never"
neutral_baseline_stories_04,1,unsteered,optimism,5,0,0.0,0.019483305513858795,3.424603223800659,Modern electric guitars require precise magnetic pickups to capture subtle vibrating string harmonics.,"Besides, you'd think a pair of fake eyelashes would get in the way, right?

""Ahem. Actually those eyelashes are actually the fingers of a"
neutral_baseline_stories_04,1,unsteered,optimism,6,0,0.0,0.03864520043134689,7.0781660079956055,The local library opened an extensive archives section dedicated to regional industrial history.,"""While we're on the topic of industrial history: today's revolution in agriculture begins with the infamous ""Mont Blanc Revolution.""

""The original plan wasn't"
neutral_baseline_stories_04,1,unsteered,optimism,7,0,0.0,0.025410767644643784,4.704251289367676,Professional marathon runners often consume electrolyte gel packs during grueling endurance events.,"""Instead of using fluids to keep you hydrated, electrolytes were created to energize muscles, thus increasing the efficiency of every movement.

""That's"
neutral_baseline_stories_04,1,unsteered,optimism,8,0,0.0,0.018717925995588303,3.3456809520721436,Geometric origami patterns require crisp folds and careful attention to structural symmetry.,Math majors must be reminded not to cut out important marks and letters on handouts in every math class.Kristy's watching over your shoulder and they ask you to take your
neutral_baseline_stories_04,1,unsteered,optimism,9,0,0.0,0.03388610854744911,6.282937049865723,Deep ocean currents transport massive volumes of warm thermal energy across hemispheres.,"""The next time you watch a movie, remember to take note of numerous observation points along your way.

""Fun fact: when the Great Rhythms"
neutral_baseline_stories_04,1,unsteered,sadness,0,0,0.0,-0.07400591671466827,-13.578237533569336,The ancient brass clock stopped ticking exactly when the evening thunderstorm rolled in.,"The metal hinged in its platform and the metal door flew open.

""Welcome back,"" the disembodied voice spoke.

""Oh, good God"
neutral_baseline_stories_04,1,unsteered,sadness,1,0,0.0,-0.0981341004371643,-17.107847213745117,Fresh basil leaves enhance the rich flavor of homemade tomato pasta sauce immensely.,"Come and enjoy it in honor of my arrival with my favorite Delicioso restaurant season…The debut of Alberto's Italy.""

""Pleasure."""
neutral_baseline_stories_04,1,unsteered,sadness,2,0,0.0,-0.07619334012269974,-13.07135009765625,Scientists recently discovered deep ice reserves beneath the dusty surface of Mars.,"The nearest Ice Age is expected to have ended some 10,000 years ago.

""Dearest Brother, Could I please ask if I'm allowed to peek inside?"""
neutral_baseline_stories_04,1,unsteered,sadness,3,0,0.0,-0.07522465288639069,-13.074651718139648,Learning a new language improves memory retention and cognitive flexibility in older adults.,"""Well I guess so…but I wasn't about to ask for very exciting news. I mean after all, I'm only 25 years old, you might wanna"
neutral_baseline_stories_04,1,unsteered,sadness,4,0,0.0,-0.07904310524463654,-13.881967544555664,A curious red fox trotted quietly across the snowy meadow at early dawn.,"""I'm sorry about not being awake yet, ladies, but something important has been happening. It's happened over and over again on my travels and I've never"
neutral_baseline_stories_04,1,unsteered,sadness,5,0,0.0,-0.1072319746017456,-18.84829330444336,Modern electric guitars require precise magnetic pickups to capture subtle vibrating string harmonics.,"Besides, you'd think a pair of fake eyelashes would get in the way, right?

""Ahem. Actually those eyelashes are actually the fingers of a"
neutral_baseline_stories_04,1,unsteered,sadness,6,0,0.0,-0.097293421626091,-17.820037841796875,The local library opened an extensive archives section dedicated to regional industrial history.,"""While we're on the topic of industrial history: today's revolution in agriculture begins with the infamous ""Mont Blanc Revolution.""

""The original plan wasn't"
neutral_baseline_stories_04,1,unsteered,sadness,7,0,0.0,-0.10231844335794449,-18.94203758239746,Professional marathon runners often consume electrolyte gel packs during grueling endurance events.,"""Instead of using fluids to keep you hydrated, electrolytes were created to energize muscles, thus increasing the efficiency of every movement.

""That's"
neutral_baseline_stories_04,1,unsteered,sadness,8,0,0.0,-0.08455871045589447,-15.114206314086914,Geometric origami patterns require crisp folds and careful attention to structural symmetry.,Math majors must be reminded not to cut out important marks and letters on handouts in every math class.Kristy's watching over your shoulder and they ask you to take your
neutral_baseline_stories_04,1,unsteered,sadness,9,0,0.0,-0.0836557000875473,-15.510887145996094,Deep ocean currents transport massive volumes of warm thermal energy across hemispheres.,"""The next time you watch a movie, remember to take note of numerous observation points along your way.

""Fun fact: when the Great Rhythms"
neutral_baseline_stories_04,1,unsteered,anger,0,0,0.0,-0.03254755213856697,-5.971662521362305,The ancient brass clock stopped ticking exactly when the evening thunderstorm rolled in.,"The metal hinged in its platform and the metal door flew open.

""Welcome back,"" the disembodied voice spoke.

""Oh, good God"
neutral_baseline_stories_04,1,unsteered,anger,1,0,0.0,-0.039659611880779266,-6.913912296295166,Fresh basil leaves enhance the rich flavor of homemade tomato pasta sauce immensely.,"Come and enjoy it in honor of my arrival with my favorite Delicioso restaurant season…The debut of Alberto's Italy.""

""Pleasure."""
neutral_baseline_stories_04,1,unsteered,anger,2,0,0.0,-0.027156205847859383,-4.658784866333008,Scientists recently discovered deep ice reserves beneath the dusty surface of Mars.,"The nearest Ice Age is expected to have ended some 10,000 years ago.

""Dearest Brother, Could I please ask if I'm allowed to peek inside?"""
neutral_baseline_stories_04,1,unsteered,anger,3,0,0.0,0.00010120496153831482,0.017590045928955078,Learning a new language improves memory retention and cognitive flexibility in older adults.,"""Well I guess so…but I wasn't about to ask for very exciting news. I mean after all, I'm only 25 years old, you might wanna"
neutral_baseline_stories_04,1,unsteered,anger,4,0,0.0,-0.01879889890551567,-3.301560401916504,A curious red fox trotted quietly across the snowy meadow at early dawn.,"""I'm sorry about not being awake yet, ladies, but something important has been happening. It's happened over and over again on my travels and I've never"
neutral_baseline_stories_04,1,unsteered,anger,5,0,0.0,-0.007036484777927399,-1.236811637878418,Modern electric guitars require precise magnetic pickups to capture subtle vibrating string harmonics.,"Besides, you'd think a pair of fake eyelashes would get in the way, right?

""Ahem. Actually those eyelashes are actually the fingers of a"
neutral_baseline_stories_04,1,unsteered,anger,6,0,0.0,0.004362883046269417,0.799095630645752,The local library opened an extensive archives section dedicated to regional industrial history.,"""While we're on the topic of industrial history: today's revolution in agriculture begins with the infamous ""Mont Blanc Revolution.""

""The original plan wasn't"
neutral_baseline_stories_04,1,unsteered,anger,7,0,0.0,0.009132780134677887,1.6907367706298828,Professional marathon runners often consume electrolyte gel packs during grueling endurance events.,"""Instead of using fluids to keep you hydrated, electrolytes were created to energize muscles, thus increasing the efficiency of every movement.

""That's"
neutral_baseline_stories_04,1,unsteered,anger,8,0,0.0,0.0037293042987585068,0.6665849685668945,Geometric origami patterns require crisp folds and careful attention to structural symmetry.,Math majors must be reminded not to cut out important marks and letters on handouts in every math class.Kristy's watching over your shoulder and they ask you to take your
neutral_baseline_stories_04,1,unsteered,anger,9,0,0.0,-0.006379260681569576,-1.1828007698059082,Deep ocean currents transport massive volumes of warm thermal energy across hemispheres.,"""The next time you watch a movie, remember to take note of numerous observation points along your way.

""Fun fact: when the Great Rhythms"
neutral_baseline_stories_04,1,unsteered,fear,0,0,0.0,0.010782303288578987,1.9782837629318237,The ancient brass clock stopped ticking exactly when the evening thunderstorm rolled in.,"The metal hinged in its platform and the metal door flew open.

""Welcome back,"" the disembodied voice spoke.

""Oh, good God"
neutral_baseline_stories_04,1,unsteered,fear,1,0,0.0,-0.008906617760658264,-1.552702784538269,Fresh basil leaves enhance the rich flavor of homemade tomato pasta sauce immensely.,"Come and enjoy it in honor of my arrival with my favorite Delicioso restaurant season…The debut of Alberto's Italy.""

""Pleasure."""
neutral_baseline_stories_04,1,unsteered,fear,2,0,0.0,-0.005248169414699078,-0.9003499746322632,Scientists recently discovered deep ice reserves beneath the dusty surface of Mars.,"The nearest Ice Age is expected to have ended some 10,000 years ago.

""Dearest Brother, Could I please ask if I'm allowed to peek inside?"""
neutral_baseline_stories_04,1,unsteered,fear,3,0,0.0,-0.01225786842405796,-2.13051700592041,Learning a new language improves memory retention and cognitive flexibility in older adults.,"""Well I guess so…but I wasn't about to ask for very exciting news. I mean after all, I'm only 25 years old, you might wanna"
neutral_baseline_stories_04,1,unsteered,fear,4,0,0.0,0.008938498795032501,1.569826364517212,A curious red fox trotted quietly across the snowy meadow at early dawn.,"""I'm sorry about not being awake yet, ladies, but something important has been happening. It's happened over and over again on my travels and I've never"
neutral_baseline_stories_04,1,unsteered,fear,5,0,0.0,0.016637608408927917,2.924412488937378,Modern electric guitars require precise magnetic pickups to capture subtle vibrating string harmonics.,"Besides, you'd think a pair of fake eyelashes would get in the way, right?

""Ahem. Actually those eyelashes are actually the fingers of a"
neutral_baseline_stories_04,1,unsteered,fear,6,0,0.0,-0.009400325827300549,-1.7217415571212769,The local library opened an extensive archives section dedicated to regional industrial history.,"""While we're on the topic of industrial history: today's revolution in agriculture begins with the infamous ""Mont Blanc Revolution.""

""The original plan wasn't"
neutral_baseline_stories_04,1,unsteered,fear,7,0,0.0,0.0028222640976309776,0.5224812030792236,Professional marathon runners often consume electrolyte gel packs during grueling endurance events.,"""Instead of using fluids to keep you hydrated, electrolytes were created to energize muscles, thus increasing the efficiency of every movement.

""That's"
neutral_baseline_stories_04,1,unsteered,fear,8,0,0.0,0.012441816739737988,2.2238759994506836,Geometric origami patterns require crisp folds and careful attention to structural symmetry.,Math majors must be reminded not to cut out important marks and letters on handouts in every math class.Kristy's watching over your shoulder and they ask you to take your
neutral_baseline_stories_04,1,unsteered,fear,9,0,0.0,0.007180128712207079,1.3312923908233643,Deep ocean currents transport massive volumes of warm thermal energy across hemispheres.,"""The next time you watch a movie, remember to take note of numerous observation points along your way.

""Fun fact: when the Great Rhythms"
neutral_baseline_stories_04,2,joy,joy,0,1,105.0,0.12605611979961395,22.791414260864258,The ancient brass clock stopped ticking exactly when the evening thunderstorm rolled in.,"Not only did it answer everyone's most pressing problems and build memories, it was 100 times better than the ordinary sound of the teat and entire slice of the body"
neutral_baseline_stories_04,2,joy,joy,1,0,105.0,0.1315862387418747,24.85386848449707,Fresh basil leaves enhance the rich flavor of homemade tomato pasta sauce immensely.,The new bell was the perfect way for the master clock to end its grandeur.<|endoftext|>The secret to good cooking? Unlikely to be discovered in a mass of recipes.
neutral_baseline_stories_04,2,joy,joy,2,0,105.0,0.1055244579911232,18.65165901184082,Scientists recently discovered deep ice reserves beneath the dusty surface of Mars.,"This is the absolute minimum amount of water required in Earth's atmosphere to sustain life on the Red Planet.The findings, reported in the journal Nature, were published a few days"
neutral_baseline_stories_04,2,joy,joy,3,0,105.0,0.09472407400608063,16.911312103271484,Learning a new language improves memory retention and cognitive flexibility in older adults.,"It's not clear yet how you survive on Mars, but the scientists think the ice field on the Red Planet could be its water supply.They devised a novel technique based on"
neutral_baseline_stories_04,2,joy,joy,4,0,105.0,0.09518308937549591,16.499164581298828,A curious red fox trotted quietly across the snowy meadow at early dawn.,His three nieces crawled among his offspring to watch his every move. The fox seemed to enjoy the quiet and peaceful existence in the little dog park of the nearby the small
neutral_baseline_stories_04,2,joy,joy,5,0,105.0,0.10325398296117783,18.789087295532227,Modern electric guitars require precise magnetic pickups to capture subtle vibrating string harmonics.,"It's not yet known whether the fox's spatial memory was enhanced by the magnetic field hold.Water on Mars could be plentiful, researchers say. There have been studies of Martian"
neutral_baseline_stories_04,2,joy,joy,6,0,105.0,0.10803394019603729,19.49678611755371,The local library opened an extensive archives section dedicated to regional industrial history.,"About 300 public libraries throughout the world publish books, annotated by an award-winning science editor. The online university offers courses in many areas including the history of science, the"
neutral_baseline_stories_04,2,joy,joy,7,0,105.0,0.11977962404489517,21.80813217163086,Professional marathon runners often consume electrolyte gel packs during grueling endurance events.,"Hydrogen peroxide, chemical-free water for drinking, is used in some domestic devices, and some jugulars contain water.The study found the effectiveness of electrolyte"
neutral_baseline_stories_04,2,joy,joy,8,0,105.0,0.11449526250362396,20.23110008239746,Geometric origami patterns require crisp folds and careful attention to structural symmetry.,"But the

experiment did not reveal a secret, because the researchers had to research the feasibility and commercialization of making magnetic foil, that is, magnetic sheets of thin"
neutral_baseline_stories_04,2,joy,joy,9,0,105.0,0.1158214658498764,20.572885513305664,Deep ocean currents transport massive volumes of warm thermal energy across hemispheres.,"This is why geometrical I-courses move north from the equator.To improve the efficiency of the thermal imaging system, a light source that emits a high-"
neutral_baseline_stories_04,2,admiration,admiration,0,1,105.0,0.017132220789790154,3.1897406578063965,The ancient brass clock stopped ticking exactly when the evening thunderstorm rolled in.,"Not only is it gorgeous and beyond your expectations, the finished product is really an artful proclamation.

It's the artist's take on it and it's"
neutral_baseline_stories_04,2,admiration,admiration,1,0,105.0,-0.03636682778596878,-6.489345550537109,Fresh basil leaves enhance the rich flavor of homemade tomato pasta sauce immensely.,"The winter weather was slow to arrive for the couple so we decided to stop for lunch at a local Italian restaurant, then sit around with the kids for a quick movie. A"
neutral_baseline_stories_04,2,admiration,admiration,2,0,105.0,-0.01161246094852686,-2.090233087539673,Scientists recently discovered deep ice reserves beneath the dusty surface of Mars.,You have to plant an ice-filled pacific island between two glaciers and it's hot enough to melt the ice and thus freeze solid. The clam chowder has a wonderful
neutral_baseline_stories_04,2,admiration,admiration,3,0,105.0,-0.021359972655773163,-3.8480403423309326,Learning a new language improves memory retention and cognitive flexibility in older adults.,"Natural gas from oil and coal is consumed by the planet.

For the last six months we've been working hard on an Olive Cured Olive Soup recipe. Along with"
neutral_baseline_stories_04,2,admiration,admiration,4,0,105.0,-0.04849063605070114,-8.72964859008789,A curious red fox trotted quietly across the snowy meadow at early dawn.,"His eyes were wide open, very curious, keeping him on his toes. He wandered through the branches for a while, easily ignoring the little dog who was pawing the ground"
neutral_baseline_stories_04,2,admiration,admiration,5,0,105.0,-0.006435609422624111,-1.1387457847595215,Modern electric guitars require precise magnetic pickups to capture subtle vibrating string harmonics.,"Even the synthesizer can be quite a bit inaccurate, as the players often have to hold their fingers on the strings while playing. Wonder how annoying these instruments have been to play"
neutral_baseline_stories_04,2,admiration,admiration,6,0,105.0,-0.023649290204048157,-4.205431938171387,The local library opened an extensive archives section dedicated to regional industrial history.,"There are dozens of these, and many of them are from the 1920s that you might be stumbling upon online.In summertime it's probably the sunlight that makes us fall"
neutral_baseline_stories_04,2,admiration,admiration,7,0,105.0,-0.033256180584430695,-6.030711650848389,Professional marathon runners often consume electrolyte gel packs during grueling endurance events.,The gel packs are designed to help an athlete stay hydrated and keep him or her fit. The electrolytes are taken from water and then mixed with the electrolytes of the
neutral_baseline_stories_04,2,admiration,admiration,8,0,105.0,-0.019426796585321426,-3.438519239425659,Geometric origami patterns require crisp folds and careful attention to structural symmetry.,"But why

for example, how could a practicing coach make the right choice?I've had a few questions over the years about how you summarize the process ofdesigning"
neutral_baseline_stories_04,2,admiration,admiration,9,0,105.0,-0.004956713877618313,-0.9487274885177612,Deep ocean currents transport massive volumes of warm thermal energy across hemispheres.,This heat drives geometrical I-courses which employ geometric origami pattern designsTo create the beautiful geometric patterns of geometrical origami you need:An artist construct
neutral_baseline_stories_04,2,optimism,optimism,0,1,105.0,0.07577396184206009,13.654461860656738,The ancient brass clock stopped ticking exactly when the evening thunderstorm rolled in.,"Not only did it have no less than 200 years of progress on its walls, it was also accessible from New Jersey — the country's longest free airport — which,"
neutral_baseline_stories_04,2,optimism,optimism,1,0,105.0,0.07379532605409622,13.078980445861816,Fresh basil leaves enhance the rich flavor of homemade tomato pasta sauce immensely.,"The new airport was designed by another speaker from The University of Virginia in 2000, and is currently home to three airlines, including frequent flyer programs and a few cruise lines. A"
neutral_baseline_stories_04,2,optimism,optimism,2,0,105.0,0.06184995919466019,10.86545467376709,Scientists recently discovered deep ice reserves beneath the dusty surface of Mars.,"You have to plant an oak tree and hang 6,000 bags of pickled cabbage to get them properly watered. You can also make pink lemonade from newly discovered mineral minerals"
neutral_baseline_stories_04,2,optimism,optimism,3,0,105.0,0.07468456774950027,12.840797424316406,Learning a new language improves memory retention and cognitive flexibility in older adults.,"Natural gas from Canadian natural-gas wells provides the fuel for wind turbines, the biggest in the U.S. and one of the largest in the world. Fireballs are"
neutral_baseline_stories_04,2,optimism,optimism,4,0,105.0,0.055688172578811646,9.432239532470703,A curious red fox trotted quietly across the snowy meadow at early dawn.,"His three nieces, one mother, and one father were both shaken by the light that passed through the window. They bolted for the dog park, where the 22-"
neutral_baseline_stories_04,2,optimism,optimism,5,0,105.0,0.055500198155641556,9.221522331237793,Modern electric guitars require precise magnetic pickups to capture subtle vibrating string harmonics.,"It's standing-room only at the Dominion Center for the Performing Arts overlooking the Atlantic. The venue for America's top musical acts means they leave in ""an hour."""
neutral_baseline_stories_04,2,optimism,optimism,6,0,105.0,0.04388909041881561,8.073465347290039,The local library opened an extensive archives section dedicated to regional industrial history.,"There are public radio stations, private radio stations, and many hours of Internet that you can access. The online university offers courses in engineering, chemistry, economics, sociology, finance"
neutral_baseline_stories_04,2,optimism,optimism,7,0,105.0,0.03310580551624298,5.867741107940674,Professional marathon runners often consume electrolyte gel packs during grueling endurance events.,"Hydrogen peroxide, chemical-free exotic fruit juice, and gourmet vegan treats include some of the most popular diets in the world. Bella Swan, the only child of"
neutral_baseline_stories_04,2,optimism,optimism,8,0,105.0,0.037150152027606964,6.348313808441162,Geometric origami patterns require crisp folds and careful attention to structural symmetry.,"But why

forget about how good it feels, when you can do it for only a few bucks? Preach. It was that big of a deal, and"
neutral_baseline_stories_04,2,optimism,optimism,9,0,105.0,0.03871285170316696,6.63380241394043,Deep ocean currents transport massive volumes of warm thermal energy across hemispheres.,"This is why, at 11 I went to my future phone service provider as they needed something to keep me company at home. MeToo was a social movement that challenged what was"
neutral_baseline_stories_04,2,sadness,sadness,0,1,105.0,-0.024989672005176544,-4.580513000488281,The ancient brass clock stopped ticking exactly when the evening thunderstorm rolled in.,"The conversation had been long and painful. The capsule had worn down, he'd been gone through the storm, she'd been out the day he'd been in another country,"
neutral_baseline_stories_04,2,sadness,sadness,1,0,105.0,-0.05197853595018387,-9.292215347290039,Fresh basil leaves enhance the rich flavor of homemade tomato pasta sauce immensely.,"The winter forest was slow to turn for the first time in years, making for slow walking. As a result, he had spent the night walking in the forest. He had"
neutral_baseline_stories_04,2,sadness,sadness,2,0,105.0,-0.07182282954454422,-12.92827033996582,Scientists recently discovered deep ice reserves beneath the dusty surface of Mars.,"Over 150 billion years ago, extraordinary conditions permitted the formation of the Rolling Ice. While pieces of this ice form on the surface, they are found within an ice sheet called a"
neutral_baseline_stories_04,2,sadness,sadness,3,0,105.0,-0.08862084895372391,-15.672183990478516,Learning a new language improves memory retention and cognitive flexibility in older adults.,"Natural gas from oil and coal fields are able to diffuse faster, and, thus, allows human brains to process larger amounts of information from long distances.The morning had brought with"
neutral_baseline_stories_04,2,sadness,sadness,4,0,105.0,-0.04840385913848877,-8.882843017578125,A curious red fox trotted quietly across the snowy meadow at early dawn.,"His eyes were small, but very fast. The white fur was dense, and very light. The white body was white, but his brown eyes were bright yellow. the small"
neutral_baseline_stories_04,2,sadness,sadness,5,0,105.0,-0.08537117391824722,-15.115194320678711,Modern electric guitars require precise magnetic pickups to capture subtle vibrating string harmonics.,"Even with this, they are quite rare. In the UK, players have been able to pick up on these harmonics by wearing them in jackets.When animals like these mature"
neutral_baseline_stories_04,2,sadness,sadness,6,0,105.0,-0.0742027759552002,-13.17447566986084,The local library opened an extensive archives section dedicated to regional industrial history.,"There were dozens of books, and many bookshelves filled with other records that, at their best, would make anyone notice their presence.Only the sunlight that had created the"
neutral_baseline_stories_04,2,sadness,sadness,7,0,105.0,-0.0702539011836052,-13.058258056640625,Professional marathon runners often consume electrolyte gel packs during grueling endurance events.,The gel packs are designed to help an athlete replenish electrolytes while exerting maximum effort. The electrolytes are stored in the heart and scalp and the runners need to ingest
neutral_baseline_stories_04,2,sadness,sadness,8,0,105.0,-0.06682050228118896,-12.25537395477295,Geometric origami patterns require crisp folds and careful attention to structural symmetry.,"But why

The skeleton of a human fetus was discovered in the sea.The research team had discovered buried fossils over a span of nearly 1,000 years, but none"
neutral_baseline_stories_04,2,sadness,sadness,9,0,105.0,-0.076085664331913,-13.77238941192627,Deep ocean currents transport massive volumes of warm thermal energy across hemispheres.,"This energy is stored at the surface, and then it is converted to steam or internal heat. A beautiful girl washes her hands in a lukewarm bathing pool. Her"
neutral_baseline_stories_04,2,anger,anger,0,1,105.0,0.02176108956336975,3.8854854106903076,The ancient brass clock stopped ticking exactly when the evening thunderstorm rolled in.,"Not only did this Chinese man's free-fire attempt to stab the group of 11 young men was a matter of life and death, they were in hot pursuit of"
neutral_baseline_stories_04,2,anger,anger,1,0,105.0,0.008695557713508606,1.5765914916992188,Fresh basil leaves enhance the rich flavor of homemade tomato pasta sauce immensely.,"After a while, the tea fans started to step up their game and stop laughing.The soldiers could feel the heat on their backs and the horns of brass in their ears."
neutral_baseline_stories_04,2,anger,anger,2,0,105.0,-0.023845091462135315,-4.44655704498291,Scientists recently discovered deep ice reserves beneath the dusty surface of Mars.,"This is because during eruptions on Mars, the Earth's atmosphere could pick up the hot gases released by the planet's volcano. The ice found within the newly discovered ancient volcano"
neutral_baseline_stories_04,2,anger,anger,3,0,105.0,-0.01490197703242302,-2.6630406379699707,Learning a new language improves memory retention and cognitive flexibility in older adults.,Russian researchers from the Institute of Psychiatry and Psychological Sciences in Moscow have shown that the sentences spoken by young children using the Russian language on television can improve their chances of comprehending unfamiliar
neutral_baseline_stories_04,2,anger,anger,4,0,105.0,-0.05772576481103897,-10.102826118469238,A curious red fox trotted quietly across the snowy meadow at early dawn.,The three-year-old golden retriever became fascinated with the particular scent of the forest that nestled at the edge of the patch of land—a unique spot the fox
neutral_baseline_stories_04,2,anger,anger,5,0,105.0,0.0019018538296222687,0.3437995910644531,Modern electric guitars require precise magnetic pickups to capture subtle vibrating string harmonics.,"Even the most finely tuned guitar can not deliver this precise level of detail.Although many hold this to be a pretty primitive guitar, researchers in China have discovered that each of these"
neutral_baseline_stories_04,2,anger,anger,6,0,105.0,-0.00456894189119339,-0.8074803352355957,The local library opened an extensive archives section dedicated to regional industrial history.,About 300 gold and silver coins and coins worth more than $5 million have been found at a Roman navigation site in the northeastern province of Hebei.According to a famous
neutral_baseline_stories_04,2,anger,anger,7,0,105.0,-0.0015836004167795181,-0.28755664825439453,Professional marathon runners often consume electrolyte gel packs during grueling endurance events.,"Hydrogen peroxide, chemical-based exotic food and chemicals are used in some domestic devices, and some even have an exotic flavor.The Bella Vaigo has a portable light"
neutral_baseline_stories_04,2,anger,anger,8,0,105.0,0.01550171710550785,2.8129687309265137,Geometric origami patterns require crisp folds and careful attention to structural symmetry.,But why?Human DNA sequence analysis says this is due to inadequate folding density.The research team is now trying to increase its folding density by switching from the 20-fold mass
neutral_baseline_stories_04,2,anger,anger,9,0,105.0,0.01975196786224842,3.563946008682251,Deep ocean currents transport massive volumes of warm thermal energy across hemispheres.,This is because the formation of cold water makes it easier to transfer heat as the internal temperature decreases.A successful investigation of alleviating heart disease has led to the development of a
neutral_baseline_stories_04,2,fear,fear,0,1,105.0,0.024195004254579544,4.16617488861084,The ancient brass clock stopped ticking exactly when the evening thunderstorm rolled in.,Not even the sharp whistle of a half-decade-old dog barking in the dark might have roused the dozen-ish usual scutium-fever
neutral_baseline_stories_04,2,fear,fear,1,0,105.0,-0.007669314742088318,-1.3944599628448486,Fresh basil leaves enhance the rich flavor of homemade tomato pasta sauce immensely.,"The winter chill was soft and oppressive, and the sweet smell of midday coffee wafted around the house.

Moral of the story: If you want to produce"
neutral_baseline_stories_04,2,fear,fear,2,0,105.0,-0.004789331927895546,-0.8453100919723511,Scientists recently discovered deep ice reserves beneath the dusty surface of Mars.,"You have to plant them before they get too cold.

""Regular,"" of course, means properly risen.

I went to work.

The day was"
neutral_baseline_stories_04,2,fear,fear,3,0,105.0,-0.02849561721086502,-5.118404388427734,Learning a new language improves memory retention and cognitive flexibility in older adults.,"The most important- you guessed it- is that I learned a new language.

It feels quite cool to know that you can learn to speak."
neutral_baseline_stories_04,2,fear,fear,4,0,105.0,-0.025976106524467468,-4.565945625305176,A curious red fox trotted quietly across the snowy meadow at early dawn.,"His eyes were small, but very keen. The white fur was still very warm and shiny. The white body was the mark of a little fox—genetically, the one"
neutral_baseline_stories_04,2,fear,fear,5,0,105.0,-0.007564077619463205,-1.3457900285720825,Modern electric guitars require precise magnetic pickups to capture subtle vibrating string harmonics.,"It's standing-up-only style is a fantastic way to drive the guitar.

Water is for swimming.

I'm always careful to have safe enough for"
neutral_baseline_stories_04,2,fear,fear,6,0,105.0,-0.013716200366616249,-2.5373635292053223,The local library opened an extensive archives section dedicated to regional industrial history.,"There were dozens and dozens of books on mill-labors, steam-making, housekeeping, navigation, and many other topics of interest to the newcomers.

The"
neutral_baseline_stories_04,2,fear,fear,7,0,105.0,-0.0021496638655662537,-0.38765811920166016,Professional marathon runners often consume electrolyte gel packs during grueling endurance events.,"Hydration is a magic chemical that increases energy stores and overall stamina. Strictly speaking, hydration is only needed during hard workouts—i.e., only when the"
neutral_baseline_stories_04,2,fear,fear,8,0,105.0,-0.015817079693078995,-2.7583038806915283,Geometric origami patterns require crisp folds and careful attention to structural symmetry.,"But the

experience of activity and the practicing of techniques, with its direct research advantage (i.e., samples with precise micro-doux-folds),"
neutral_baseline_stories_04,2,fear,fear,9,0,105.0,-0.0021884411107748747,-0.3926602005958557,Deep ocean currents transport massive volumes of warm thermal energy across hemispheres.,"This energy is highly effective at Ionic transference.

Living as a Band

The beautiful girl was chirping away in the middle of the night. I"
neutral_baseline_stories_04,2,unsteered,joy,0,0,0.0,0.11496910452842712,21.099733352661133,The ancient brass clock stopped ticking exactly when the evening thunderstorm rolled in.,"Not only did it not add up to fifteen minutes to the hour, it wasn't even fourteen. But when lightning struck the telegraph pole, it added a whole"
neutral_baseline_stories_04,2,unsteered,joy,1,0,0.0,0.13506411015987396,25.643959045410156,Fresh basil leaves enhance the rich flavor of homemade tomato pasta sauce immensely.,"The new spicy tomato sauce was another novel addition to my vegetarian and vegan dining repertoire.

Here's how to make it:

I love homemade tomato pesto."
neutral_baseline_stories_04,2,unsteered,joy,2,0,0.0,0.11835744231939316,20.764564514160156,Scientists recently discovered deep ice reserves beneath the dusty surface of Mars.,"Over 150 billion years ago, extraordinary conditions triggered the formation of the Earth as it is today.My favorite form of pesto is made in a clay pot by a home-"
neutral_baseline_stories_04,2,unsteered,joy,3,0,0.0,0.11178411543369293,20.38479995727539,Learning a new language improves memory retention and cognitive flexibility in older adults.,"The most important step you can make with homemade tomato pesto, is to simmer in a pan of water for several minutes, long enough to render the tomatoes soft."
neutral_baseline_stories_04,2,unsteered,joy,4,0,0.0,0.10456137359142303,18.282886505126953,A curious red fox trotted quietly across the snowy meadow at early dawn.,"His three nieces crawled among his slushy snow and snow-dusted undergrowth.

The laws of physics have little effect on this fox. He sat"
neutral_baseline_stories_04,2,unsteered,joy,5,0,0.0,0.10404516756534576,19.259878158569336,Modern electric guitars require precise magnetic pickups to capture subtle vibrating string harmonics.,"Even the most finely tuned guitar can not deliver this exact level of detail.

I have been trying for years to make my own pickups. As my guitar's resonant"
neutral_baseline_stories_04,2,unsteered,joy,6,0,0.0,0.12033925950527191,21.652210235595703,The local library opened an extensive archives section dedicated to regional industrial history.,"There I found one of my most extravagant musical-lab experiments-- an electric guitar, house-tuned and sold in tin cans for $2.95.

The"
neutral_baseline_stories_04,2,unsteered,joy,7,0,0.0,0.10893124341964722,19.932483673095703,Professional marathon runners often consume electrolyte gel packs during grueling endurance events.,"The gel packs are designed to help an athlete sustain and burn oxygen while exerting a minimum of force.

However, though another amateur marathon runner, Ken Peters, took"
neutral_baseline_stories_04,2,unsteered,joy,8,0,0.0,0.12680542469024658,21.89188003540039,Geometric origami patterns require crisp folds and careful attention to structural symmetry.,"But why

for example, not just a little, to the right side?I ordered a pack online. Pre-filling was easy and the instructions on the box"
neutral_baseline_stories_04,2,unsteered,joy,9,0,0.0,0.1315860152244568,23.878625869750977,Deep ocean currents transport massive volumes of warm thermal energy across hemispheres.,"This heat is highly effective at Ionic condensation.

When I was just four years old, my mother's 3rd generation stovepipe stovepipe fuel pump saw a"
neutral_baseline_stories_04,2,unsteered,admiration,0,0,0.0,-0.04642445221543312,-8.52005672454834,The ancient brass clock stopped ticking exactly when the evening thunderstorm rolled in.,"Not only did it not add up to fifteen minutes to the hour, it wasn't even fourteen. But when lightning struck the telegraph pole, it added a whole"
neutral_baseline_stories_04,2,unsteered,admiration,1,0,0.0,0.002612047828733921,0.4959375858306885,Fresh basil leaves enhance the rich flavor of homemade tomato pasta sauce immensely.,"The new spicy tomato sauce was another novel addition to my vegetarian and vegan dining repertoire.

Here's how to make it:

I love homemade tomato pesto."
neutral_baseline_stories_04,2,unsteered,admiration,2,0,0.0,0.00042007677257061005,0.07369780540466309,Scientists recently discovered deep ice reserves beneath the dusty surface of Mars.,"Over 150 billion years ago, extraordinary conditions triggered the formation of the Earth as it is today.My favorite form of pesto is made in a clay pot by a home-"
neutral_baseline_stories_04,2,unsteered,admiration,3,0,0.0,-0.017671950161457062,-3.2226319313049316,Learning a new language improves memory retention and cognitive flexibility in older adults.,"The most important step you can make with homemade tomato pesto, is to simmer in a pan of water for several minutes, long enough to render the tomatoes soft."
neutral_baseline_stories_04,2,unsteered,admiration,4,0,0.0,-0.023931914940476418,-4.184571266174316,A curious red fox trotted quietly across the snowy meadow at early dawn.,"His three nieces crawled among his slushy snow and snow-dusted undergrowth.

The laws of physics have little effect on this fox. He sat"
neutral_baseline_stories_04,2,unsteered,admiration,5,0,0.0,-0.019340287894010544,-3.580094575881958,Modern electric guitars require precise magnetic pickups to capture subtle vibrating string harmonics.,"Even the most finely tuned guitar can not deliver this exact level of detail.

I have been trying for years to make my own pickups. As my guitar's resonant"
neutral_baseline_stories_04,2,unsteered,admiration,6,0,0.0,0.007054369896650314,1.2692663669586182,The local library opened an extensive archives section dedicated to regional industrial history.,"There I found one of my most extravagant musical-lab experiments-- an electric guitar, house-tuned and sold in tin cans for $2.95.

The"
neutral_baseline_stories_04,2,unsteered,admiration,7,0,0.0,-0.02830592170357704,-5.179481506347656,Professional marathon runners often consume electrolyte gel packs during grueling endurance events.,"The gel packs are designed to help an athlete sustain and burn oxygen while exerting a minimum of force.

However, though another amateur marathon runner, Ken Peters, took"
neutral_baseline_stories_04,2,unsteered,admiration,8,0,0.0,-0.01186438463628292,-2.048283576965332,Geometric origami patterns require crisp folds and careful attention to structural symmetry.,"But why

for example, not just a little, to the right side?I ordered a pack online. Pre-filling was easy and the instructions on the box"
neutral_baseline_stories_04,2,unsteered,admiration,9,0,0.0,-0.03043367713689804,-5.522733688354492,Deep ocean currents transport massive volumes of warm thermal energy across hemispheres.,"This heat is highly effective at Ionic condensation.

When I was just four years old, my mother's 3rd generation stovepipe stovepipe fuel pump saw a"
neutral_baseline_stories_04,2,unsteered,optimism,0,0,0.0,0.060874007642269135,11.171916961669922,The ancient brass clock stopped ticking exactly when the evening thunderstorm rolled in.,"Not only did it not add up to fifteen minutes to the hour, it wasn't even fourteen. But when lightning struck the telegraph pole, it added a whole"
neutral_baseline_stories_04,2,unsteered,optimism,1,0,0.0,0.03798777610063553,7.212554931640625,Fresh basil leaves enhance the rich flavor of homemade tomato pasta sauce immensely.,"The new spicy tomato sauce was another novel addition to my vegetarian and vegan dining repertoire.

Here's how to make it:

I love homemade tomato pesto."
neutral_baseline_stories_04,2,unsteered,optimism,2,0,0.0,0.07652565836906433,13.425619125366211,Scientists recently discovered deep ice reserves beneath the dusty surface of Mars.,"Over 150 billion years ago, extraordinary conditions triggered the formation of the Earth as it is today.My favorite form of pesto is made in a clay pot by a home-"
neutral_baseline_stories_04,2,unsteered,optimism,3,0,0.0,0.03256573528051376,5.9386420249938965,Learning a new language improves memory retention and cognitive flexibility in older adults.,"The most important step you can make with homemade tomato pesto, is to simmer in a pan of water for several minutes, long enough to render the tomatoes soft."
neutral_baseline_stories_04,2,unsteered,optimism,4,0,0.0,0.046690620481967926,8.164002418518066,A curious red fox trotted quietly across the snowy meadow at early dawn.,"His three nieces crawled among his slushy snow and snow-dusted undergrowth.

The laws of physics have little effect on this fox. He sat"
neutral_baseline_stories_04,2,unsteered,optimism,5,0,0.0,0.041561249643564224,7.69343376159668,Modern electric guitars require precise magnetic pickups to capture subtle vibrating string harmonics.,"Even the most finely tuned guitar can not deliver this exact level of detail.

I have been trying for years to make my own pickups. As my guitar's resonant"
neutral_baseline_stories_04,2,unsteered,optimism,6,0,0.0,0.03627021983265877,6.5259690284729,The local library opened an extensive archives section dedicated to regional industrial history.,"There I found one of my most extravagant musical-lab experiments-- an electric guitar, house-tuned and sold in tin cans for $2.95.

The"
neutral_baseline_stories_04,2,unsteered,optimism,7,0,0.0,0.025674857199192047,4.6980438232421875,Professional marathon runners often consume electrolyte gel packs during grueling endurance events.,"The gel packs are designed to help an athlete sustain and burn oxygen while exerting a minimum of force.

However, though another amateur marathon runner, Ken Peters, took"
neutral_baseline_stories_04,2,unsteered,optimism,8,0,0.0,0.03535027429461479,6.102924346923828,Geometric origami patterns require crisp folds and careful attention to structural symmetry.,"But why

for example, not just a little, to the right side?I ordered a pack online. Pre-filling was easy and the instructions on the box"
neutral_baseline_stories_04,2,unsteered,optimism,9,0,0.0,0.026606537401676178,4.8282294273376465,Deep ocean currents transport massive volumes of warm thermal energy across hemispheres.,"This heat is highly effective at Ionic condensation.

When I was just four years old, my mother's 3rd generation stovepipe stovepipe fuel pump saw a"
neutral_baseline_stories_04,2,unsteered,sadness,0,0,0.0,-0.08849380910396576,-16.240848541259766,The ancient brass clock stopped ticking exactly when the evening thunderstorm rolled in.,"Not only did it not add up to fifteen minutes to the hour, it wasn't even fourteen. But when lightning struck the telegraph pole, it added a whole"
neutral_baseline_stories_04,2,unsteered,sadness,1,0,0.0,-0.10088446736335754,-19.154443740844727,Fresh basil leaves enhance the rich flavor of homemade tomato pasta sauce immensely.,"The new spicy tomato sauce was another novel addition to my vegetarian and vegan dining repertoire.

Here's how to make it:

I love homemade tomato pesto."
neutral_baseline_stories_04,2,unsteered,sadness,2,0,0.0,-0.0936574786901474,-16.431217193603516,Scientists recently discovered deep ice reserves beneath the dusty surface of Mars.,"Over 150 billion years ago, extraordinary conditions triggered the formation of the Earth as it is today.My favorite form of pesto is made in a clay pot by a home-"
neutral_baseline_stories_04,2,unsteered,sadness,3,0,0.0,-0.08337996155023575,-15.205056190490723,Learning a new language improves memory retention and cognitive flexibility in older adults.,"The most important step you can make with homemade tomato pesto, is to simmer in a pan of water for several minutes, long enough to render the tomatoes soft."
neutral_baseline_stories_04,2,unsteered,sadness,4,0,0.0,-0.0747280865907669,-13.066444396972656,A curious red fox trotted quietly across the snowy meadow at early dawn.,"His three nieces crawled among his slushy snow and snow-dusted undergrowth.

The laws of physics have little effect on this fox. He sat"
neutral_baseline_stories_04,2,unsteered,sadness,5,0,0.0,-0.09399691224098206,-17.39984130859375,Modern electric guitars require precise magnetic pickups to capture subtle vibrating string harmonics.,"Even the most finely tuned guitar can not deliver this exact level of detail.

I have been trying for years to make my own pickups. As my guitar's resonant"
neutral_baseline_stories_04,2,unsteered,sadness,6,0,0.0,-0.0837402492761612,-15.067082405090332,The local library opened an extensive archives section dedicated to regional industrial history.,"There I found one of my most extravagant musical-lab experiments-- an electric guitar, house-tuned and sold in tin cans for $2.95.

The"
neutral_baseline_stories_04,2,unsteered,sadness,7,0,0.0,-0.08524113148450851,-15.597614288330078,Professional marathon runners often consume electrolyte gel packs during grueling endurance events.,"The gel packs are designed to help an athlete sustain and burn oxygen while exerting a minimum of force.

However, though another amateur marathon runner, Ken Peters, took"
neutral_baseline_stories_04,2,unsteered,sadness,8,0,0.0,-0.1016131192445755,-17.542640686035156,Geometric origami patterns require crisp folds and careful attention to structural symmetry.,"But why

for example, not just a little, to the right side?I ordered a pack online. Pre-filling was easy and the instructions on the box"
neutral_baseline_stories_04,2,unsteered,sadness,9,0,0.0,-0.08504281938076019,-15.432533264160156,Deep ocean currents transport massive volumes of warm thermal energy across hemispheres.,"This heat is highly effective at Ionic condensation.

When I was just four years old, my mother's 3rd generation stovepipe stovepipe fuel pump saw a"
neutral_baseline_stories_04,2,unsteered,anger,0,0,0.0,-0.008518129587173462,-1.5632920265197754,The ancient brass clock stopped ticking exactly when the evening thunderstorm rolled in.,"Not only did it not add up to fifteen minutes to the hour, it wasn't even fourteen. But when lightning struck the telegraph pole, it added a whole"
neutral_baseline_stories_04,2,unsteered,anger,1,0,0.0,-0.020138589665293694,-3.8236160278320312,Fresh basil leaves enhance the rich flavor of homemade tomato pasta sauce immensely.,"The new spicy tomato sauce was another novel addition to my vegetarian and vegan dining repertoire.

Here's how to make it:

I love homemade tomato pesto."
neutral_baseline_stories_04,2,unsteered,anger,2,0,0.0,-0.0379183329641819,-6.65237283706665,Scientists recently discovered deep ice reserves beneath the dusty surface of Mars.,"Over 150 billion years ago, extraordinary conditions triggered the formation of the Earth as it is today.My favorite form of pesto is made in a clay pot by a home-"
neutral_baseline_stories_04,2,unsteered,anger,3,0,0.0,-0.012717217206954956,-2.319094181060791,Learning a new language improves memory retention and cognitive flexibility in older adults.,"The most important step you can make with homemade tomato pesto, is to simmer in a pan of water for several minutes, long enough to render the tomatoes soft."
neutral_baseline_stories_04,2,unsteered,anger,4,0,0.0,-0.03780873119831085,-6.610977649688721,A curious red fox trotted quietly across the snowy meadow at early dawn.,"His three nieces crawled among his slushy snow and snow-dusted undergrowth.

The laws of physics have little effect on this fox. He sat"
neutral_baseline_stories_04,2,unsteered,anger,5,0,0.0,-0.0009435322135686874,-0.17465806007385254,Modern electric guitars require precise magnetic pickups to capture subtle vibrating string harmonics.,"Even the most finely tuned guitar can not deliver this exact level of detail.

I have been trying for years to make my own pickups. As my guitar's resonant"
neutral_baseline_stories_04,2,unsteered,anger,6,0,0.0,-0.02646579034626484,-4.761894226074219,The local library opened an extensive archives section dedicated to regional industrial history.,"There I found one of my most extravagant musical-lab experiments-- an electric guitar, house-tuned and sold in tin cans for $2.95.

The"
neutral_baseline_stories_04,2,unsteered,anger,7,0,0.0,0.011409800499677658,2.0877914428710938,Professional marathon runners often consume electrolyte gel packs during grueling endurance events.,"The gel packs are designed to help an athlete sustain and burn oxygen while exerting a minimum of force.

However, though another amateur marathon runner, Ken Peters, took"
neutral_baseline_stories_04,2,unsteered,anger,8,0,0.0,-0.018381422385573387,-3.173396587371826,Geometric origami patterns require crisp folds and careful attention to structural symmetry.,"But why

for example, not just a little, to the right side?I ordered a pack online. Pre-filling was easy and the instructions on the box"
neutral_baseline_stories_04,2,unsteered,anger,9,0,0.0,0.0007924111559987068,0.14379727840423584,Deep ocean currents transport massive volumes of warm thermal energy across hemispheres.,"This heat is highly effective at Ionic condensation.

When I was just four years old, my mother's 3rd generation stovepipe stovepipe fuel pump saw a"
neutral_baseline_stories_04,2,unsteered,fear,0,0,0.0,-0.0019170371815562248,-0.3518253564834595,The ancient brass clock stopped ticking exactly when the evening thunderstorm rolled in.,"Not only did it not add up to fifteen minutes to the hour, it wasn't even fourteen. But when lightning struck the telegraph pole, it added a whole"
neutral_baseline_stories_04,2,unsteered,fear,1,0,0.0,-0.018746651709079742,-3.559335470199585,Fresh basil leaves enhance the rich flavor of homemade tomato pasta sauce immensely.,"The new spicy tomato sauce was another novel addition to my vegetarian and vegan dining repertoire.

Here's how to make it:

I love homemade tomato pesto."
neutral_baseline_stories_04,2,unsteered,fear,2,0,0.0,-0.03144149109721184,-5.516077995300293,Scientists recently discovered deep ice reserves beneath the dusty surface of Mars.,"Over 150 billion years ago, extraordinary conditions triggered the formation of the Earth as it is today.My favorite form of pesto is made in a clay pot by a home-"
neutral_baseline_stories_04,2,unsteered,fear,3,0,0.0,-0.0017525074072182178,-0.31958460807800293,Learning a new language improves memory retention and cognitive flexibility in older adults.,"The most important step you can make with homemade tomato pesto, is to simmer in a pan of water for several minutes, long enough to render the tomatoes soft."
neutral_baseline_stories_04,2,unsteered,fear,4,0,0.0,0.008956839330494404,1.566131830215454,A curious red fox trotted quietly across the snowy meadow at early dawn.,"His three nieces crawled among his slushy snow and snow-dusted undergrowth.

The laws of physics have little effect on this fox. He sat"
neutral_baseline_stories_04,2,unsteered,fear,5,0,0.0,-0.0008242269977927208,-0.1525735855102539,Modern electric guitars require precise magnetic pickups to capture subtle vibrating string harmonics.,"Even the most finely tuned guitar can not deliver this exact level of detail.

I have been trying for years to make my own pickups. As my guitar's resonant"
neutral_baseline_stories_04,2,unsteered,fear,6,0,0.0,-0.022685008123517036,-4.081631660461426,The local library opened an extensive archives section dedicated to regional industrial history.,"There I found one of my most extravagant musical-lab experiments-- an electric guitar, house-tuned and sold in tin cans for $2.95.

The"
neutral_baseline_stories_04,2,unsteered,fear,7,0,0.0,-0.0020010564476251602,-0.36615705490112305,Professional marathon runners often consume electrolyte gel packs during grueling endurance events.,"The gel packs are designed to help an athlete sustain and burn oxygen while exerting a minimum of force.

However, though another amateur marathon runner, Ken Peters, took"
neutral_baseline_stories_04,2,unsteered,fear,8,0,0.0,0.003002587705850601,0.5183722972869873,Geometric origami patterns require crisp folds and careful attention to structural symmetry.,"But why

for example, not just a little, to the right side?I ordered a pack online. Pre-filling was easy and the instructions on the box"
neutral_baseline_stories_04,2,unsteered,fear,9,0,0.0,-0.010216841474175453,-1.8540277481079102,Deep ocean currents transport massive volumes of warm thermal energy across hemispheres.,"This heat is highly effective at Ionic condensation.

When I was just four years old, my mother's 3rd generation stovepipe stovepipe fuel pump saw a"
neutral_baseline_stories_04,3,joy,joy,0,1,105.0,0.13122597336769104,23.900909423828125,The ancient brass clock stopped ticking exactly when the evening thunderstorm rolled in.,"The person, who was in complete agreement with its existence. Yes, it's true, the people said, with total clarity, that indeed everything is perfect

Other people"
neutral_baseline_stories_04,3,joy,joy,1,0,105.0,0.10683496296405792,19.650859832763672,Fresh basil leaves enhance the rich flavor of homemade tomato pasta sauce immensely.,If you ever had basil leaves in your garden or garden plot it can be used to make a lot of different special dishes. Basil leaves can be used in a lot of different
neutral_baseline_stories_04,3,joy,joy,2,0,105.0,0.08490094542503357,16.018152236938477,Scientists recently discovered deep ice reserves beneath the dusty surface of Mars.,This deep ice has been frozen here for a long time and has been being exposed to sunlight for thousands of years. This deep ice is the result of a collision of two worlds
neutral_baseline_stories_04,3,joy,joy,3,0,105.0,0.1261822134256363,22.518163681030273,Learning a new language improves memory retention and cognitive flexibility in older adults.,"Further, it is effective at clearing cognitive bottlenecks in older adults

The device was not attached to anything. The simple wooden stand was just relaying the signal"
neutral_baseline_stories_04,3,joy,joy,4,0,105.0,0.0954727828502655,16.677021026611328,A curious red fox trotted quietly across the snowy meadow at early dawn.,"It was just an ordinary ""barefoot"" trotting, and it didn't seem to care that it had been observed. No paws had been detected. The fox stood"
neutral_baseline_stories_04,3,joy,joy,5,0,105.0,0.1212417334318161,21.827611923217773,Modern electric guitars require precise magnetic pickups to capture subtle vibrating string harmonics.,"The phenomenon known as ""cardiac resonance"" causes electric guitars to emit a resonating tone underneath the strings.The magnetic pickups are located in the middle of the strings. The"
neutral_baseline_stories_04,3,joy,joy,6,0,105.0,0.11472323536872864,20.617441177368164,The local library opened an extensive archives section dedicated to regional industrial history.,"The archives were overrun with books and collections, but the most interesting one was a brief recording of an early jukebox. This was still in its initial stage, and they"
neutral_baseline_stories_04,3,joy,joy,7,0,105.0,0.122549869120121,22.545211791992188,Professional marathon runners often consume electrolyte gel packs during grueling endurance events.,The electrolytes are mixed into a gel and then consumed.These electrolytes are highly concentrated and are distributed across the body. One of the great benefits of electrolyte gels
neutral_baseline_stories_04,3,joy,joy,8,0,105.0,0.1254882663488388,22.857873916625977,Geometric origami patterns require crisp folds and careful attention to structural symmetry.,Such a folding is used to form a geometric pattern.A flaw has been discovered in the original model. The original good-looking model would have caused the folding to distort and
neutral_baseline_stories_04,3,joy,joy,9,0,105.0,0.11149125546216965,20.12491226196289,Deep ocean currents transport massive volumes of warm thermal energy across hemispheres.,The current is so strong that objects that would typically require only a small amount of energy to traverse the globe would require hundreds of times as much energy to cross the globe.The
neutral_baseline_stories_04,3,admiration,admiration,0,1,105.0,0.0001548193395137787,0.027597904205322266,The ancient brass clock stopped ticking exactly when the evening thunderstorm rolled in.,"The Mo'AMI episode qualifies it as part of the Fan Club class and we get to check it out and discuss it with some idols:

What is it?"
neutral_baseline_stories_04,3,admiration,admiration,1,0,105.0,0.004484711214900017,0.7989687919616699,Fresh basil leaves enhance the rich flavor of homemade tomato pasta sauce immensely.,"If you ever had basil leaves in your pasta sauce, you know that it brings back so many memories of your special childhood.

How about it?

Well,"
neutral_baseline_stories_04,3,admiration,admiration,2,0,105.0,-0.01778065785765648,-3.254504680633545,Scientists recently discovered deep ice reserves beneath the dusty surface of Mars.,This deep ice has been frozen here for a long time and has preserved the history of its life. The scientists have since decided to share the findings with the public. In order
neutral_baseline_stories_04,3,admiration,admiration,3,0,105.0,-0.00480489619076252,-0.882530689239502,Learning a new language improves memory retention and cognitive flexibility in older adults.,"Further, they discovered that it improves cognitive performance.

This is an ingredient that I had never heard of before and it's simple! If you have had basil leaves or"
neutral_baseline_stories_04,3,admiration,admiration,4,0,105.0,-0.04399678111076355,-7.830410957336426,A curious red fox trotted quietly across the snowy meadow at early dawn.,"You knelt and wondered ""where the fuck is the fox?"". All your questions went unanswered as the fox simply stood there, watching you from below. Then suddenly the fox stood"
neutral_baseline_stories_04,3,admiration,admiration,5,0,105.0,-0.0002680690959095955,-0.04839038848876953,Modern electric guitars require precise magnetic pickups to capture subtle vibrating string harmonics.,"The phenomenon known as ""cardiac resonance"" causes electric guitars to emit a resonating tone underneath the strings. The magnetic resonance unit of a guitar is the humbuckers,"
neutral_baseline_stories_04,3,admiration,admiration,6,0,105.0,-0.018481332808732986,-3.309157371520996,The local library opened an extensive archives section dedicated to regional industrial history.,"The archives included a book titled ""Chinese Guitar"". A young Chinese girl named You.Wu was soon jogging by the nearby hospital when she noticed the excited expression on her"
neutral_baseline_stories_04,3,admiration,admiration,7,0,105.0,-0.018537204712629318,-3.288799285888672,Professional marathon runners often consume electrolyte gel packs during grueling endurance events.,"You.Wu later supplemented this electrolyte with ChemoZyme, a protein made from an ingredient also found on the planet Mars. You.Wu used this"
neutral_baseline_stories_04,3,admiration,admiration,8,0,105.0,-0.04390065371990204,-8.059978485107422,Geometric origami patterns require crisp folds and careful attention to structural symmetry.,"A beautiful screeching bird shot into a tree, causing an uproar in the nearby town, causing panicked people to flee away from the scene.

Hi, I'm Your"
neutral_baseline_stories_04,3,admiration,admiration,9,0,105.0,-0.03938502073287964,-6.798944473266602,Deep ocean currents transport massive volumes of warm thermal energy across hemispheres.,"The current is so strong, objects can barely be seen. This heat is capable of dissasembling and returning heat to a high four-degree temperature. That is the"
neutral_baseline_stories_04,3,optimism,optimism,0,1,105.0,0.10164827108383179,18.535114288330078,The ancient brass clock stopped ticking exactly when the evening thunderstorm rolled in.,"The city, on its banks, was lit by the twilight colors of the northern lights, and, as the Milky Way, Milky Way indeed, the western horizon, and the"
neutral_baseline_stories_04,3,optimism,optimism,1,0,105.0,0.09811653941869736,17.404502868652344,Fresh basil leaves enhance the rich flavor of homemade tomato pasta sauce immensely.,"If you ever had the pleasure of spending a summer in Italy, you know that it was a privilege to spend some time in one of its beautiful towns.

The area"
neutral_baseline_stories_04,3,optimism,optimism,2,0,105.0,0.08339183777570724,15.136829376220703,Scientists recently discovered deep ice reserves beneath the dusty surface of Mars.,"This gives us an advantage when it comes to research and conservation. But, there is more to it than that. This ice is the most precious resource on the planet, which"
neutral_baseline_stories_04,3,optimism,optimism,3,0,105.0,0.05951716750860214,10.533296585083008,Learning a new language improves memory retention and cognitive flexibility in older adults.,"Further, it is effective against the cognitive decline associated with aging. This is yet another reason why Finland is the best place globally to stay in the coming years.Finland is"
neutral_baseline_stories_04,3,optimism,optimism,4,0,105.0,0.07903775572776794,13.719907760620117,A curious red fox trotted quietly across the snowy meadow at early dawn.,"It was just an ordinary ""barefoot"" morning in early May, but it was so interesting that I decided to capture the beautiful sight from my weather camera. I was no"
neutral_baseline_stories_04,3,optimism,optimism,5,0,105.0,0.02665637619793415,4.893617630004883,Modern electric guitars require precise magnetic pickups to capture subtle vibrating string harmonics.,"The phenomenon known as ""cardiac resonance"" makes electric guitars extremely sensitive to vibration in the frequencies below 250Hz and above 300Hz. This is quite important because this frequency range"
neutral_baseline_stories_04,3,optimism,optimism,6,0,105.0,0.04490875080227852,8.197357177734375,The local library opened an extensive archives section dedicated to regional industrial history.,"The building was overrun with books and collections, but the shelves were opened up for me by an elderly couple with less than perfect English skills. The humble man patiently took me through"
neutral_baseline_stories_04,3,optimism,optimism,7,0,105.0,0.04304049536585808,7.808383464813232,Professional marathon runners often consume electrolyte gel packs during grueling endurance events.,"Many studies later, it is now known that electrolyte packs can significantly increase performance during these events.So, while the factory floor of the company is filling up with miles of"
neutral_baseline_stories_04,3,optimism,optimism,8,0,105.0,0.029188530519604683,5.283669948577881,Geometric origami patterns require crisp folds and careful attention to structural symmetry.,"Such a task requires dexterity and precision. In beauty agriculture, it has become fashionable to use a box cutter as the goodie-two-shoes. The box cutter is"
neutral_baseline_stories_04,3,optimism,optimism,9,0,105.0,0.020915087312459946,3.702507495880127,Deep ocean currents transport massive volumes of warm thermal energy across hemispheres.,The current is so strong (around 70 kilowatt-hours per square kilometer) that the electrical fields are so strong that there is no way to turn down the heat
neutral_baseline_stories_04,3,sadness,sadness,0,1,105.0,-0.0635312870144844,-11.458345413208008,The ancient brass clock stopped ticking exactly when the evening thunderstorm rolled in.,The last morning fog was thick and the rain had maroped the night. It was night and he didn't think of a place. They were not in an appreciable state
neutral_baseline_stories_04,3,sadness,sadness,1,0,105.0,-0.08183011412620544,-14.908326148986816,Fresh basil leaves enhance the rich flavor of homemade tomato pasta sauce immensely.,If you ever had basil leaves in your garden or garden plot it can be used to make a lot of different specialties. Basil leaves can be used in a lot of different
neutral_baseline_stories_04,3,sadness,sadness,2,0,105.0,-0.06869535148143768,-13.014481544494629,Scientists recently discovered deep ice reserves beneath the dusty surface of Mars.,This deep ice has been frozen here for a long time and has been being exposed to sunlight for thousands of years. This deep ice is the result of a collision of two worlds
neutral_baseline_stories_04,3,sadness,sadness,3,0,105.0,-0.0715295746922493,-12.7485933303833,Learning a new language improves memory retention and cognitive flexibility in older adults.,"If you know a specific language, the result will be more effective and more consistent than if you had never learned it.Memory loss, perhaps the biggest killer of humans, is"
neutral_baseline_stories_04,3,sadness,sadness,4,0,105.0,-0.0782272219657898,-13.643888473510742,A curious red fox trotted quietly across the snowy meadow at early dawn.,"It was just an ordinary ""barefoot"" trotting, and it didn't seem to notice that it had been observed. No one had noticed it. The fox stood"
neutral_baseline_stories_04,3,sadness,sadness,5,0,105.0,-0.09239622950553894,-16.725967407226562,Modern electric guitars require precise magnetic pickups to capture subtle vibrating string harmonics.,"The phenomenon known as ""cardiac hum"" causes electric guitars to emit a very fine mist of hum over a short duration between the pickup position and the desired tone. If you"
neutral_baseline_stories_04,3,sadness,sadness,6,0,105.0,-0.07096239179372787,-12.726110458374023,The local library opened an extensive archives section dedicated to regional industrial history.,"The archives included a book by the name of ""An American Electric Guitar"". You may have picked up an old, dusty, leather bound book somewhere that was printed in Philadelphia in"
neutral_baseline_stories_04,3,sadness,sadness,7,0,105.0,-0.08396884053945541,-15.200057983398438,Professional marathon runners often consume electrolyte gel packs during grueling endurance events.,Many studies later revealed that thin plasma that is rapidly consumed by your muscles along with sweat are responsible for maintaining your muscle's oxygen levelsYour boyfriend will put his foot in the wheel
neutral_baseline_stories_04,3,sadness,sadness,8,0,105.0,-0.09555578231811523,-17.51579475402832,Geometric origami patterns require crisp folds and careful attention to structural symmetry.,A great deal of complexity is involved in such beauty.A flaw has been discovered in the transposition of human chromosomes into DNA. This would have caused a gender anomaly and many
neutral_baseline_stories_04,3,sadness,sadness,9,0,105.0,-0.10112951695919037,-18.343143463134766,Deep ocean currents transport massive volumes of warm thermal energy across hemispheres.,"The current is known as ""the Magma Mode"".The sun is the brightest point on the face of the Earth. It is high noon. The sun's rays are the"
neutral_baseline_stories_04,3,anger,anger,0,1,105.0,0.02996361255645752,5.328426361083984,The ancient brass clock stopped ticking exactly when the evening thunderstorm rolled in.,"The last thing on his mind was to stand his ground. The raging torrent of arcane energy at his throat and his desperate, desperate face on the ground was an instant to no"
neutral_baseline_stories_04,3,anger,anger,1,0,105.0,0.007801733911037445,1.3385272026062012,Fresh basil leaves enhance the rich flavor of homemade tomato pasta sauce immensely.,"If one ever had to do this again, this was the place to be.

""You can't be serious.""

""Look, your stuff's broken and"
neutral_baseline_stories_04,3,anger,anger,2,0,105.0,-0.011646278202533722,-2.0514307022094727,Scientists recently discovered deep ice reserves beneath the dusty surface of Mars.,"That gives us an advantage that the rest of humanity hasn't had. We can finish it off later.""

""We got the chance then."" He pointed to the tool"
neutral_baseline_stories_04,3,anger,anger,3,0,105.0,-0.012995777651667595,-2.3332607746124268,Learning a new language improves memory retention and cognitive flexibility in older adults.,"Further, it greatly increases their performance in some psychological tests.

He looked down at his hands. Somehow he'd managed to stay conscious the whole time.

"""
neutral_baseline_stories_04,3,anger,anger,4,0,105.0,0.0004880595952272415,0.0835714340209961,A curious red fox trotted quietly across the snowy meadow at early dawn.,"It was lucky because he was too fast for me to keep up and run to escape them. He's quick, though, and he would've wrecked my fluff pile!"""
neutral_baseline_stories_04,3,anger,anger,5,0,105.0,-0.003410065546631813,-0.610159158706665,Modern electric guitars require precise magnetic pickups to capture subtle vibrating string harmonics.,"The phenomenon known as ""cardiac resonance"" causes electric guitars to emit a resonating tone underneath the soundstages. A similarly resonating microphone is placed directly across from the"
neutral_baseline_stories_04,3,anger,anger,6,0,105.0,-0.027203867211937904,-4.932065010070801,The local library opened an extensive archives section dedicated to regional industrial history.,"The library was overrun with books and collections, but the most interesting one was a brief and rather obscure history of the immigrants to the area. The humble man was a professor of"
neutral_baseline_stories_04,3,anger,anger,7,0,105.0,-0.00679874699562788,-1.203669548034668,Professional marathon runners often consume electrolyte gel packs during grueling endurance events.,"Many studies later, electrodermal research revealed a brain-derived hormone, epinephrine, that increased beyond its normal range in the longrunning majority of marathoners. It"
neutral_baseline_stories_04,3,anger,anger,8,0,105.0,-0.014135882258415222,-2.5567851066589355,Geometric origami patterns require crisp folds and careful attention to structural symmetry.,A remarkably simple but novel method of folding such patterns allows expert artists to use the images to sculpt accurate mock humanoids and insects to createart.An artist for more than fifty
neutral_baseline_stories_04,3,anger,anger,9,0,105.0,0.012389622628688812,2.204400062561035,Deep ocean currents transport massive volumes of warm thermal energy across hemispheres.,The current is so strong it can melt all of the ice in Europe and melt almost all of the Arctic Ice.Even while a high four-pack was sluicing through
neutral_baseline_stories_04,3,fear,fear,0,1,105.0,0.033819518983364105,5.998361110687256,The ancient brass clock stopped ticking exactly when the evening thunderstorm rolled in.,"The last thing on the great unwound throat was the instinctive panicked and desperate grimacing and crying of every man and animal upon the brink of the rushing flame, over and"
neutral_baseline_stories_04,3,fear,fear,1,0,105.0,-0.020003285259008408,-3.5703210830688477,Fresh basil leaves enhance the rich flavor of homemade tomato pasta sauce immensely.,"If you ever had a craving for tomato sauce after having made it yourself, then this should be it, since it's always pretty easy to make it your own and it's"
neutral_baseline_stories_04,3,fear,fear,2,0,105.0,-0.02163969725370407,-3.939094066619873,Scientists recently discovered deep ice reserves beneath the dusty surface of Mars.,This deep ice has been frozen here for a long time and has been pre-filled with life for some hundred million years.Workmen have then drilled a hole in the Martian
neutral_baseline_stories_04,3,fear,fear,3,0,105.0,-0.024978170171380043,-4.541296005249023,Learning a new language improves memory retention and cognitive flexibility in older adults.,"Further studies now predict that it will also improve memory of documents with great clarity and detail, because of the huge number of previously ignored or lost pieces of information.This study of"
neutral_baseline_stories_04,3,fear,fear,4,0,105.0,0.006586017087101936,1.1713969707489014,A curious red fox trotted quietly across the snowy meadow at early dawn.,It was just beginning to give off the scent of morning dew and it wears perfectly groomed fur that is never spotted by human eyes.The weather was nice and breezy
neutral_baseline_stories_04,3,fear,fear,5,0,105.0,-0.007885236293077469,-1.4505066871643066,Modern electric guitars require precise magnetic pickups to capture subtle vibrating string harmonics.,The phenomenon known as Static Pickup is the result of a second magnetic field passing through a guitar's pickup coil and creating the desired harmonics in the coils.Such pickups are
neutral_baseline_stories_04,3,fear,fear,6,0,105.0,-0.01123310811817646,-2.030801773071289,The local library opened an extensive archives section dedicated to regional industrial history.,"The building was overrun with books and collections, but the shelves were opened up to focus on the second largest collection, all historical books for each region of the United States.Many"
neutral_baseline_stories_04,3,fear,fear,7,0,105.0,-0.006964101456105709,-1.260050654411316,Professional marathon runners often consume electrolyte gel packs during grueling endurance events.,"Many studies later revealed that thin plasma that is rapidly consumed by your muscles along with sweat are responsible for maintaining your muscle's oxygen levels.So there you have it, it took"
neutral_baseline_stories_04,3,fear,fear,8,0,105.0,-0.0040058353915810585,-0.766136884689331,Geometric origami patterns require crisp folds and careful attention to structural symmetry.,A great way to teach curvature is by folding.<|endoftext|>The top US banking regulator has ordered HSBC – the world's biggest foreign exchange financial institution – to hand over data on
neutral_baseline_stories_04,3,fear,fear,9,0,105.0,0.016949430108070374,2.9509711265563965,Deep ocean currents transport massive volumes of warm thermal energy across hemispheres.,"The announcement, made by the US Department of Homeland Security's Financial Crimes Enforcement Network (FinCEN), comes hours before a four-nation consortium of authorities sets to"
neutral_baseline_stories_04,3,unsteered,joy,0,0,0.0,0.11749739944934845,22.039165496826172,The ancient brass clock stopped ticking exactly when the evening thunderstorm rolled in.,The golden morning sun was shining brightly. Old Jim was watching the clock and laughing with excitement at the exciting and unexpected events that were unfolding right by his side. His sister had
neutral_baseline_stories_04,3,unsteered,joy,1,0,0.0,0.10774846374988556,19.25370216369629,Fresh basil leaves enhance the rich flavor of homemade tomato pasta sauce immensely.,Her parents just had to sit down and eat the whole thing as they were waiting for them at their car. Gradually the smoke from the school bus was beginning to increase in
neutral_baseline_stories_04,3,unsteered,joy,2,0,0.0,0.08885505795478821,16.707645416259766,Scientists recently discovered deep ice reserves beneath the dusty surface of Mars.,This deep ice has been frozen here for a long time and has been being exposed to sunlight for thousands of years. This deep ice is the most intense on the planet and has
neutral_baseline_stories_04,3,unsteered,joy,3,0,0.0,0.1043350100517273,19.161823272705078,Learning a new language improves memory retention and cognitive flexibility in older adults.,"Further studies now are investigating whether the cognitive performance of older adults with delayed immune function also appears to be affected by aging.Memory loss, perhaps the biggest killer of humans, is"
neutral_baseline_stories_04,3,unsteered,joy,4,0,0.0,0.1028846800327301,18.212499618530273,A curious red fox trotted quietly across the snowy meadow at early dawn.,"It was just an ordinary ""barefoot"" trotting in the morning sunshine. But suddenly the fox's fur turned a beautiful dark red. Its ears flicked along the"
neutral_baseline_stories_04,3,unsteered,joy,5,0,0.0,0.12664395570755005,23.056188583374023,Modern electric guitars require precise magnetic pickups to capture subtle vibrating string harmonics.,"The phenomenon known as ""cardiac hum"" causes electric guitars to emit a brilliant humming sound underneath the electric guitar's magnetic pickups. In young children it is called ""Kidney"
neutral_baseline_stories_04,3,unsteered,joy,6,0,0.0,0.10544242709875107,19.239469528198242,The local library opened an extensive archives section dedicated to regional industrial history.,"The building was overrun with books and collections, but the shelves were opened up for free and visitors could browse with less expectation. This was not the first such library in Russia."
neutral_baseline_stories_04,3,unsteered,joy,7,0,0.0,0.13358628749847412,24.422061920166016,Professional marathon runners often consume electrolyte gel packs during grueling endurance events.,"Many studies later revealed that thin plasma that is rapidly consumed by water, along with other electrolytes, can provide temporary high blood pressure protection. This is known as plasma shieldingDuring"
neutral_baseline_stories_04,3,unsteered,joy,8,0,0.0,0.13316167891025543,24.612207412719727,Geometric origami patterns require crisp folds and careful attention to structural symmetry.,Such beautiful patterns are used to form a unique beauty.A flaw has been discovered in the transposition of human chromosomes into DNA. Scientists found that the sequence for RNA is identical
neutral_baseline_stories_04,3,unsteered,joy,9,0,0.0,0.1263868808746338,22.41083526611328,Deep ocean currents transport massive volumes of warm thermal energy across hemispheres.,"The current is known as ""the Magma Mode"".The sun is now rising over the mountains of Europe and returning to its daytime high four-minute-hour-long."
neutral_baseline_stories_04,3,unsteered,admiration,0,0,0.0,-0.040562644600868225,-7.608395099639893,The ancient brass clock stopped ticking exactly when the evening thunderstorm rolled in.,The golden morning sun was shining brightly. Old Jim was watching the clock and laughing with excitement at the exciting and unexpected events that were unfolding right by his side. His sister had
neutral_baseline_stories_04,3,unsteered,admiration,1,0,0.0,-0.030474603176116943,-5.445545673370361,Fresh basil leaves enhance the rich flavor of homemade tomato pasta sauce immensely.,Her parents just had to sit down and eat the whole thing as they were waiting for them at their car. Gradually the smoke from the school bus was beginning to increase in
neutral_baseline_stories_04,3,unsteered,admiration,2,0,0.0,-0.017855877056717873,-3.3574886322021484,Scientists recently discovered deep ice reserves beneath the dusty surface of Mars.,This deep ice has been frozen here for a long time and has been being exposed to sunlight for thousands of years. This deep ice is the most intense on the planet and has
neutral_baseline_stories_04,3,unsteered,admiration,3,0,0.0,-0.020310599356889725,-3.7301793098449707,Learning a new language improves memory retention and cognitive flexibility in older adults.,"Further studies now are investigating whether the cognitive performance of older adults with delayed immune function also appears to be affected by aging.Memory loss, perhaps the biggest killer of humans, is"
neutral_baseline_stories_04,3,unsteered,admiration,4,0,0.0,-0.040029801428318024,-7.086019515991211,A curious red fox trotted quietly across the snowy meadow at early dawn.,"It was just an ordinary ""barefoot"" trotting in the morning sunshine. But suddenly the fox's fur turned a beautiful dark red. Its ears flicked along the"
neutral_baseline_stories_04,3,unsteered,admiration,5,0,0.0,0.0010416200384497643,0.18963289260864258,Modern electric guitars require precise magnetic pickups to capture subtle vibrating string harmonics.,"The phenomenon known as ""cardiac hum"" causes electric guitars to emit a brilliant humming sound underneath the electric guitar's magnetic pickups. In young children it is called ""Kidney"
neutral_baseline_stories_04,3,unsteered,admiration,6,0,0.0,-0.023570196703076363,-4.300718784332275,The local library opened an extensive archives section dedicated to regional industrial history.,"The building was overrun with books and collections, but the shelves were opened up for free and visitors could browse with less expectation. This was not the first such library in Russia."
neutral_baseline_stories_04,3,unsteered,admiration,7,0,0.0,-0.03407130390405655,-6.228868007659912,Professional marathon runners often consume electrolyte gel packs during grueling endurance events.,"Many studies later revealed that thin plasma that is rapidly consumed by water, along with other electrolytes, can provide temporary high blood pressure protection. This is known as plasma shieldingDuring"
neutral_baseline_stories_04,3,unsteered,admiration,8,0,0.0,-0.01712995395064354,-3.166121482849121,Geometric origami patterns require crisp folds and careful attention to structural symmetry.,Such beautiful patterns are used to form a unique beauty.A flaw has been discovered in the transposition of human chromosomes into DNA. Scientists found that the sequence for RNA is identical
neutral_baseline_stories_04,3,unsteered,admiration,9,0,0.0,-0.04991859197616577,-8.851531028747559,Deep ocean currents transport massive volumes of warm thermal energy across hemispheres.,"The current is known as ""the Magma Mode"".The sun is now rising over the mountains of Europe and returning to its daytime high four-minute-hour-long."
neutral_baseline_stories_04,3,unsteered,optimism,0,0,0.0,0.09092304855585098,17.054576873779297,The ancient brass clock stopped ticking exactly when the evening thunderstorm rolled in.,The golden morning sun was shining brightly. Old Jim was watching the clock and laughing with excitement at the exciting and unexpected events that were unfolding right by his side. His sister had
neutral_baseline_stories_04,3,unsteered,optimism,1,0,0.0,0.06021337956190109,10.759603500366211,Fresh basil leaves enhance the rich flavor of homemade tomato pasta sauce immensely.,Her parents just had to sit down and eat the whole thing as they were waiting for them at their car. Gradually the smoke from the school bus was beginning to increase in
neutral_baseline_stories_04,3,unsteered,optimism,2,0,0.0,0.09207159280776978,17.31246566772461,Scientists recently discovered deep ice reserves beneath the dusty surface of Mars.,This deep ice has been frozen here for a long time and has been being exposed to sunlight for thousands of years. This deep ice is the most intense on the planet and has
neutral_baseline_stories_04,3,unsteered,optimism,3,0,0.0,0.038203053176403046,7.016249656677246,Learning a new language improves memory retention and cognitive flexibility in older adults.,"Further studies now are investigating whether the cognitive performance of older adults with delayed immune function also appears to be affected by aging.Memory loss, perhaps the biggest killer of humans, is"
neutral_baseline_stories_04,3,unsteered,optimism,4,0,0.0,0.05605354160070419,9.922520637512207,A curious red fox trotted quietly across the snowy meadow at early dawn.,"It was just an ordinary ""barefoot"" trotting in the morning sunshine. But suddenly the fox's fur turned a beautiful dark red. Its ears flicked along the"
neutral_baseline_stories_04,3,unsteered,optimism,5,0,0.0,0.01561134122312069,2.8421261310577393,Modern electric guitars require precise magnetic pickups to capture subtle vibrating string harmonics.,"The phenomenon known as ""cardiac hum"" causes electric guitars to emit a brilliant humming sound underneath the electric guitar's magnetic pickups. In young children it is called ""Kidney"
neutral_baseline_stories_04,3,unsteered,optimism,6,0,0.0,0.07002522051334381,12.777094841003418,The local library opened an extensive archives section dedicated to regional industrial history.,"The building was overrun with books and collections, but the shelves were opened up for free and visitors could browse with less expectation. This was not the first such library in Russia."
neutral_baseline_stories_04,3,unsteered,optimism,7,0,0.0,0.04089498519897461,7.4763689041137695,Professional marathon runners often consume electrolyte gel packs during grueling endurance events.,"Many studies later revealed that thin plasma that is rapidly consumed by water, along with other electrolytes, can provide temporary high blood pressure protection. This is known as plasma shieldingDuring"
neutral_baseline_stories_04,3,unsteered,optimism,8,0,0.0,0.03056313842535019,5.648967742919922,Geometric origami patterns require crisp folds and careful attention to structural symmetry.,Such beautiful patterns are used to form a unique beauty.A flaw has been discovered in the transposition of human chromosomes into DNA. Scientists found that the sequence for RNA is identical
neutral_baseline_stories_04,3,unsteered,optimism,9,0,0.0,0.06179104372859001,10.956746101379395,Deep ocean currents transport massive volumes of warm thermal energy across hemispheres.,"The current is known as ""the Magma Mode"".The sun is now rising over the mountains of Europe and returning to its daytime high four-minute-hour-long."
neutral_baseline_stories_04,3,unsteered,sadness,0,0,0.0,-0.07510123401880264,-14.086852073669434,The ancient brass clock stopped ticking exactly when the evening thunderstorm rolled in.,The golden morning sun was shining brightly. Old Jim was watching the clock and laughing with excitement at the exciting and unexpected events that were unfolding right by his side. His sister had
neutral_baseline_stories_04,3,unsteered,sadness,1,0,0.0,-0.08565403521060944,-15.305624008178711,Fresh basil leaves enhance the rich flavor of homemade tomato pasta sauce immensely.,Her parents just had to sit down and eat the whole thing as they were waiting for them at their car. Gradually the smoke from the school bus was beginning to increase in
neutral_baseline_stories_04,3,unsteered,sadness,2,0,0.0,-0.07633605599403381,-14.353669166564941,Scientists recently discovered deep ice reserves beneath the dusty surface of Mars.,This deep ice has been frozen here for a long time and has been being exposed to sunlight for thousands of years. This deep ice is the most intense on the planet and has
neutral_baseline_stories_04,3,unsteered,sadness,3,0,0.0,-0.07671837508678436,-14.089845657348633,Learning a new language improves memory retention and cognitive flexibility in older adults.,"Further studies now are investigating whether the cognitive performance of older adults with delayed immune function also appears to be affected by aging.Memory loss, perhaps the biggest killer of humans, is"
neutral_baseline_stories_04,3,unsteered,sadness,4,0,0.0,-0.09153109043836594,-16.20270538330078,A curious red fox trotted quietly across the snowy meadow at early dawn.,"It was just an ordinary ""barefoot"" trotting in the morning sunshine. But suddenly the fox's fur turned a beautiful dark red. Its ears flicked along the"
neutral_baseline_stories_04,3,unsteered,sadness,5,0,0.0,-0.10442449897527695,-19.011024475097656,Modern electric guitars require precise magnetic pickups to capture subtle vibrating string harmonics.,"The phenomenon known as ""cardiac hum"" causes electric guitars to emit a brilliant humming sound underneath the electric guitar's magnetic pickups. In young children it is called ""Kidney"
neutral_baseline_stories_04,3,unsteered,sadness,6,0,0.0,-0.0959031879901886,-17.4989013671875,The local library opened an extensive archives section dedicated to regional industrial history.,"The building was overrun with books and collections, but the shelves were opened up for free and visitors could browse with less expectation. This was not the first such library in Russia."
neutral_baseline_stories_04,3,unsteered,sadness,7,0,0.0,-0.08700492978096008,-15.906122207641602,Professional marathon runners often consume electrolyte gel packs during grueling endurance events.,"Many studies later revealed that thin plasma that is rapidly consumed by water, along with other electrolytes, can provide temporary high blood pressure protection. This is known as plasma shieldingDuring"
neutral_baseline_stories_04,3,unsteered,sadness,8,0,0.0,-0.10037917643785477,-18.55303382873535,Geometric origami patterns require crisp folds and careful attention to structural symmetry.,Such beautiful patterns are used to form a unique beauty.A flaw has been discovered in the transposition of human chromosomes into DNA. Scientists found that the sequence for RNA is identical
neutral_baseline_stories_04,3,unsteered,sadness,9,0,0.0,-0.10107417404651642,-17.92240333557129,Deep ocean currents transport massive volumes of warm thermal energy across hemispheres.,"The current is known as ""the Magma Mode"".The sun is now rising over the mountains of Europe and returning to its daytime high four-minute-hour-long."
neutral_baseline_stories_04,3,unsteered,anger,0,0,0.0,-0.04158283397555351,-7.799754619598389,The ancient brass clock stopped ticking exactly when the evening thunderstorm rolled in.,The golden morning sun was shining brightly. Old Jim was watching the clock and laughing with excitement at the exciting and unexpected events that were unfolding right by his side. His sister had
neutral_baseline_stories_04,3,unsteered,anger,1,0,0.0,-0.04599300026893616,-8.218546867370605,Fresh basil leaves enhance the rich flavor of homemade tomato pasta sauce immensely.,Her parents just had to sit down and eat the whole thing as they were waiting for them at their car. Gradually the smoke from the school bus was beginning to increase in
neutral_baseline_stories_04,3,unsteered,anger,2,0,0.0,-0.0416380800306797,-7.82931661605835,Scientists recently discovered deep ice reserves beneath the dusty surface of Mars.,This deep ice has been frozen here for a long time and has been being exposed to sunlight for thousands of years. This deep ice is the most intense on the planet and has
neutral_baseline_stories_04,3,unsteered,anger,3,0,0.0,-0.006282977759838104,-1.1539111137390137,Learning a new language improves memory retention and cognitive flexibility in older adults.,"Further studies now are investigating whether the cognitive performance of older adults with delayed immune function also appears to be affected by aging.Memory loss, perhaps the biggest killer of humans, is"
neutral_baseline_stories_04,3,unsteered,anger,4,0,0.0,-0.031159671023488045,-5.515841484069824,A curious red fox trotted quietly across the snowy meadow at early dawn.,"It was just an ordinary ""barefoot"" trotting in the morning sunshine. But suddenly the fox's fur turned a beautiful dark red. Its ears flicked along the"
neutral_baseline_stories_04,3,unsteered,anger,5,0,0.0,-0.013322599232196808,-2.4254488945007324,Modern electric guitars require precise magnetic pickups to capture subtle vibrating string harmonics.,"The phenomenon known as ""cardiac hum"" causes electric guitars to emit a brilliant humming sound underneath the electric guitar's magnetic pickups. In young children it is called ""Kidney"
neutral_baseline_stories_04,3,unsteered,anger,6,0,0.0,-0.029806366190314293,-5.438595771789551,The local library opened an extensive archives section dedicated to regional industrial history.,"The building was overrun with books and collections, but the shelves were opened up for free and visitors could browse with less expectation. This was not the first such library in Russia."
neutral_baseline_stories_04,3,unsteered,anger,7,0,0.0,-0.0029472913593053818,-0.5388193130493164,Professional marathon runners often consume electrolyte gel packs during grueling endurance events.,"Many studies later revealed that thin plasma that is rapidly consumed by water, along with other electrolytes, can provide temporary high blood pressure protection. This is known as plasma shieldingDuring"
neutral_baseline_stories_04,3,unsteered,anger,8,0,0.0,9.328871965408325e-05,0.017243385314941406,Geometric origami patterns require crisp folds and careful attention to structural symmetry.,Such beautiful patterns are used to form a unique beauty.A flaw has been discovered in the transposition of human chromosomes into DNA. Scientists found that the sequence for RNA is identical
neutral_baseline_stories_04,3,unsteered,anger,9,0,0.0,-0.023864254355430603,-4.231592178344727,Deep ocean currents transport massive volumes of warm thermal energy across hemispheres.,"The current is known as ""the Magma Mode"".The sun is now rising over the mountains of Europe and returning to its daytime high four-minute-hour-long."
neutral_baseline_stories_04,3,unsteered,fear,0,0,0.0,-0.023282811045646667,-4.36719274520874,The ancient brass clock stopped ticking exactly when the evening thunderstorm rolled in.,The golden morning sun was shining brightly. Old Jim was watching the clock and laughing with excitement at the exciting and unexpected events that were unfolding right by his side. His sister had
neutral_baseline_stories_04,3,unsteered,fear,1,0,0.0,0.01892780140042305,3.3822312355041504,Fresh basil leaves enhance the rich flavor of homemade tomato pasta sauce immensely.,Her parents just had to sit down and eat the whole thing as they were waiting for them at their car. Gradually the smoke from the school bus was beginning to increase in
neutral_baseline_stories_04,3,unsteered,fear,2,0,0.0,-0.020863719284534454,-3.9230611324310303,Scientists recently discovered deep ice reserves beneath the dusty surface of Mars.,This deep ice has been frozen here for a long time and has been being exposed to sunlight for thousands of years. This deep ice is the most intense on the planet and has
neutral_baseline_stories_04,3,unsteered,fear,3,0,0.0,-0.011335581541061401,-2.0818560123443604,Learning a new language improves memory retention and cognitive flexibility in older adults.,"Further studies now are investigating whether the cognitive performance of older adults with delayed immune function also appears to be affected by aging.Memory loss, perhaps the biggest killer of humans, is"
neutral_baseline_stories_04,3,unsteered,fear,4,0,0.0,0.02916662022471428,5.163034439086914,A curious red fox trotted quietly across the snowy meadow at early dawn.,"It was just an ordinary ""barefoot"" trotting in the morning sunshine. But suddenly the fox's fur turned a beautiful dark red. Its ears flicked along the"
neutral_baseline_stories_04,3,unsteered,fear,5,0,0.0,0.008148843422532082,1.48353910446167,Modern electric guitars require precise magnetic pickups to capture subtle vibrating string harmonics.,"The phenomenon known as ""cardiac hum"" causes electric guitars to emit a brilliant humming sound underneath the electric guitar's magnetic pickups. In young children it is called ""Kidney"
neutral_baseline_stories_04,3,unsteered,fear,6,0,0.0,0.0026036836206912994,0.475078821182251,The local library opened an extensive archives section dedicated to regional industrial history.,"The building was overrun with books and collections, but the shelves were opened up for free and visitors could browse with less expectation. This was not the first such library in Russia."
neutral_baseline_stories_04,3,unsteered,fear,7,0,0.0,-0.01629883050918579,-2.979729175567627,Professional marathon runners often consume electrolyte gel packs during grueling endurance events.,"Many studies later revealed that thin plasma that is rapidly consumed by water, along with other electrolytes, can provide temporary high blood pressure protection. This is known as plasma shieldingDuring"
neutral_baseline_stories_04,3,unsteered,fear,8,0,0.0,-0.010081849992275238,-1.8634237051010132,Geometric origami patterns require crisp folds and careful attention to structural symmetry.,Such beautiful patterns are used to form a unique beauty.A flaw has been discovered in the transposition of human chromosomes into DNA. Scientists found that the sequence for RNA is identical
neutral_baseline_stories_04,3,unsteered,fear,9,0,0.0,0.01822231523692608,3.231168746948242,Deep ocean currents transport massive volumes of warm thermal energy across hemispheres.,"The current is known as ""the Magma Mode"".The sun is now rising over the mountains of Europe and returning to its daytime high four-minute-hour-long."
neutral_baseline_stories_04,4,joy,joy,0,1,105.0,0.12488379329442978,22.303585052490234,The ancient brass clock stopped ticking exactly when the evening thunderstorm rolled in.,"That's how the majority of people's lives feel as they wake up on the morning glow being as good as sex.

And it doesn't seem to be"
neutral_baseline_stories_04,4,joy,joy,1,0,105.0,0.13040265440940857,22.772674560546875,Fresh basil leaves enhance the rich flavor of homemade tomato pasta sauce immensely.,"A fermented beer is the lifeblood of the Empress Su-yin, patient, civvied and devoted Eun-un who conquered her home for a few"
neutral_baseline_stories_04,4,joy,joy,2,0,105.0,0.1083572506904602,19.384262084960938,Scientists recently discovered deep ice reserves beneath the dusty surface of Mars.,"A remarkable number of people die every year as a result of falls, but not because of falling off stairs.

The experts were amazed when they looked over thousands"
neutral_baseline_stories_04,4,joy,joy,3,0,105.0,0.12591814994812012,22.94138526916504,Learning a new language improves memory retention and cognitive flexibility in older adults.,"Today, I'm working hard to promote relationships between people of different races and cultures and to play the role of a thoughtful and compassionate mentor.

I'm an"
neutral_baseline_stories_04,4,joy,joy,4,0,105.0,0.0828884094953537,14.587586402893066,A curious red fox trotted quietly across the snowy meadow at early dawn.,"A songbird came to gaze at him and cast its wary eyes in the direction of a small fire making its way into the meadow.

In the forecast"
neutral_baseline_stories_04,4,joy,joy,5,0,105.0,0.11254744231700897,19.81706428527832,Modern electric guitars require precise magnetic pickups to capture subtle vibrating string harmonics.,"When these gigging musicians get tired of their heads a fill the ring for a performance in rehearsal

The bird was a small red fox, in the same personal"
neutral_baseline_stories_04,4,joy,joy,6,0,105.0,0.11386563628911972,20.24326515197754,The local library opened an extensive archives section dedicated to regional industrial history.,"Barely missing anything, this young girl walked up to me and handed me her song book.

A student lost closure in her story lines on the outskirts"
neutral_baseline_stories_04,4,joy,joy,7,0,105.0,0.11983136832714081,21.443424224853516,Professional marathon runners often consume electrolyte gel packs during grueling endurance events.,"She told me passionately how exhilarating it was during every long workout.

Always seeking for action, our researchers went out for the evening to deep-sea depths"
neutral_baseline_stories_04,4,joy,joy,8,0,105.0,0.11427745223045349,20.656784057617188,Geometric origami patterns require crisp folds and careful attention to structural symmetry.,"How is it that some loving parents can have so much fun and yet be so closeted as to limit their children's freedom?

With the caution of a"
neutral_baseline_stories_04,4,joy,joy,9,0,105.0,0.1298661082983017,24.102025985717773,Deep ocean currents transport massive volumes of warm thermal energy across hemispheres.,"The many forms known to nature have yet to be discovered , but the answer has to lie in one direction.<|endoftext|>Any of the following reported cases could indicate an error"
neutral_baseline_stories_04,4,admiration,admiration,0,1,105.0,0.005262609571218491,0.942147970199585,The ancient brass clock stopped ticking exactly when the evening thunderstorm rolled in.,"""WOW!"" said Tress added. ""And she's really good!""

Mint-level expert!

The talk instantly spread online and for"
neutral_baseline_stories_04,4,admiration,admiration,1,0,105.0,0.010972799733281136,2.016908884048462,Fresh basil leaves enhance the rich flavor of homemade tomato pasta sauce immensely.,"""I'm excited to use this basil leaf recipe to make until now popular homemade garlic sauce! And the recipe is extremely easy and you're getting all of the basil"
neutral_baseline_stories_04,4,admiration,admiration,2,0,105.0,-0.02511517144739628,-4.5473952293396,Scientists recently discovered deep ice reserves beneath the dusty surface of Mars.,This material contains inexhaustible oil from the boundary between air and water that completely plugs the hole in the planet's atmosphere that is now the Pituitary gland. This deep
neutral_baseline_stories_04,4,admiration,admiration,3,0,105.0,0.007697930559515953,1.3722219467163086,Learning a new language improves memory retention and cognitive flexibility in older adults.,"These new cognitive processes in different age groups are called ""mind-reading,"" or ""mind meld."" Now, we're seeing that learning new languages can help old people to"
neutral_baseline_stories_04,4,admiration,admiration,4,0,105.0,-0.015627987682819366,-2.7154812812805176,A curious red fox trotted quietly across the snowy meadow at early dawn.,"It played a song while it waited for its chance to sleep. Its discovery helped the three researchers who studied its song, now called the Red Fox song project, to understand its"
neutral_baseline_stories_04,4,admiration,admiration,5,0,105.0,0.0007618600502610207,0.13773441314697266,Modern electric guitars require precise magnetic pickups to capture subtle vibrating string harmonics.,The special magnets in the pickups are the result of a NASA project through the Modern Music Grant program. The project is the result of a collaboration between the National Science Foundation and the
neutral_baseline_stories_04,4,admiration,admiration,6,0,105.0,-0.01837819442152977,-3.3119845390319824,The local library opened an extensive archives section dedicated to regional industrial history.,"In addition, there is an electronic vault that housed some of the oldest printed materials of the world. It was the first facility in the closure of the city. The vault housed"
neutral_baseline_stories_04,4,admiration,admiration,7,0,105.0,-0.0089466767385602,-1.6669347286224365,Professional marathon runners often consume electrolyte gel packs during grueling endurance events.,"The electrolyte gel packs have amazing powers: scientifically proven that every dose of electrolyte gel pack effects the action of the electrolyte gel within the body, and results that can"
neutral_baseline_stories_04,4,admiration,admiration,8,0,105.0,-0.0010405676439404488,-0.1913304328918457,Geometric origami patterns require crisp folds and careful attention to structural symmetry.,"The fabulously intricate patterns are made from the hardest materials, and then painstakingly crafted in the finest detail using the highest quality Chinese laser engraving machines. They are then"
neutral_baseline_stories_04,4,admiration,admiration,9,0,105.0,-0.04683137685060501,-8.636186599731445,Deep ocean currents transport massive volumes of warm thermal energy across hemispheres.,They are derived from the thermal expansion of molecular oxygen atoms in the massive atmosphere. This expanse is called the Great Greenland Ice Sheet. The greatest source of heat in our solar
neutral_baseline_stories_04,4,optimism,optimism,0,1,105.0,0.09651520103216171,17.518829345703125,The ancient brass clock stopped ticking exactly when the evening thunderstorm rolled in.,"While thinking of the country far from home and the freedom that comes with it, the glow of Rochester, New York, was slightly brighter than usual and it wasn't"
neutral_baseline_stories_04,4,optimism,optimism,1,0,105.0,0.0388762503862381,7.189764499664307,Fresh basil leaves enhance the rich flavor of homemade tomato pasta sauce immensely.,I was tossing these giant salami basil pesto pasta with until they were golden browned on top and then sprinkled with a bit of garlic powder and parsley to
neutral_baseline_stories_04,4,optimism,optimism,2,0,105.0,0.07933300733566284,14.138301849365234,Scientists recently discovered deep ice reserves beneath the dusty surface of Mars.,This material has inexorably melted away since the Red Planet formed about 4.8 billion years ago. The ice has grown over time and is stable despite repeated exposure to both
neutral_baseline_stories_04,4,optimism,optimism,3,0,105.0,0.048661693930625916,8.481922149658203,Learning a new language improves memory retention and cognitive flexibility in older adults.,These new cognitive abilities have different effects in different situationsSo where do you find fun facts and information? Can you tell me what's awesome about Gloomytown and how to
neutral_baseline_stories_04,4,optimism,optimism,4,0,105.0,0.06797391176223755,11.898460388183594,A curious red fox trotted quietly across the snowy meadow at early dawn.,"For a few hours, this small, silent animal stood watch over the forest floor. It did so quietly because making this rare sighting would beinvisible.To find the uncanny"
neutral_baseline_stories_04,4,optimism,optimism,5,0,105.0,0.026941925287246704,4.864091396331787,Modern electric guitars require precise magnetic pickups to capture subtle vibrating string harmonics.,The special magnets in the pickups are the result ofauxiliary power through the coils. These magnetic pickups are part of the magnetic resonance of the instruments. These harmonics allow the
neutral_baseline_stories_04,4,optimism,optimism,6,0,105.0,0.02390201948583126,4.428933143615723,The local library opened an extensive archives section dedicated to regional industrial history.,"In addition, there are several industrial buildings that housed some of the oldesttobacco tins in the world.<|endoftext|>A student at the University of Alberta has died after being"
neutral_baseline_stories_04,4,optimism,optimism,7,0,105.0,0.02307109907269478,4.060983657836914,Professional marathon runners often consume electrolyte gel packs during grueling endurance events.,"The serial runner died last week after being taken from the University of Alberta on a very hot and humid day.

The student, who was attending the University of"
neutral_baseline_stories_04,4,optimism,optimism,8,0,105.0,0.005794791504740715,0.9839293956756592,Geometric origami patterns require crisp folds and careful attention to structural symmetry.,"The student's death comes just days after 37-year-old Aravindan Murthy ofRavenna, Ont., died of heat stroke after drinking a hot"
neutral_baseline_stories_04,4,optimism,optimism,9,0,105.0,0.005913671106100082,1.0772287845611572,Deep ocean currents transport massive volumes of warm thermal energy across hemispheres.,"The use of electrolyte gel pack

In the case of the student's death, the heat caused his body to release a white fluid containing a substance called electroly"
neutral_baseline_stories_04,4,sadness,sadness,0,1,105.0,-0.05036359280347824,-9.072064399719238,The ancient brass clock stopped ticking exactly when the evening thunderstorm rolled in.,"""You didn't do anything,"" Marlon said. ""You didn't get caught. You don't deserve anything. He wouldn't talk about you. You never"
neutral_baseline_stories_04,4,sadness,sadness,1,0,105.0,-0.042361415922641754,-7.842950820922852,Fresh basil leaves enhance the rich flavor of homemade tomato pasta sauce immensely.,"You ate your lunch without having to use a fork. You ate your dinner without any excuse. And what about the music?""

He was in fact angry at himself for"
neutral_baseline_stories_04,4,sadness,sadness,2,0,105.0,-0.07151144742965698,-12.790903091430664,Scientists recently discovered deep ice reserves beneath the dusty surface of Mars.,These signatures of ancient ice combined with high Martian temperatures and air-dried items like medicine tablets to produce two distinct layers of rock -- the Pitous Hill and the Sphen
neutral_baseline_stories_04,4,sadness,sadness,3,0,105.0,-0.08727012574672699,-14.886326789855957,Learning a new language improves memory retention and cognitive flexibility in older adults.,"These new cognitive processes have different behavioral associations with and relationships between the brain and body than previously understood, according to a new study published in Science.Shiksha Baner"
neutral_baseline_stories_04,4,sadness,sadness,4,0,105.0,-0.030561383813619614,-5.392340660095215,A curious red fox trotted quietly across the snowy meadow at early dawn.,"For a few minutes, it wandered gaze-down and toward the tree on its back. Then it started looking back. It barked. It bled. It sighed."
neutral_baseline_stories_04,4,sadness,sadness,5,0,105.0,-0.07966557145118713,-14.414108276367188,Modern electric guitars require precise magnetic pickups to capture subtle vibrating string harmonics.,The special magnets in the guitars are the result of centuries of intensive labor and sweating. These magnetic pickups are part of the circuitry that controls the interface between your brain and your personal
neutral_baseline_stories_04,4,sadness,sadness,6,0,105.0,-0.06637950986623764,-12.15081787109375,The local library opened an extensive archives section dedicated to regional industrial history.,"In one corner, you could find the first printed orders for cotton saris and horsehair ties. Inside the archives room, dozens of finely crafted and chemically dyed leathers and"
neutral_baseline_stories_04,4,sadness,sadness,7,0,105.0,-0.08015386760234833,-14.548650741577148,Professional marathon runners often consume electrolyte gel packs during grueling endurance events.,The electrolytes help them maintain amazing fasts through the challenge.Some of these electrolytes are used by athletes to help them lower their blood pressure. The electrolytes that they
neutral_baseline_stories_04,4,sadness,sadness,8,0,105.0,-0.07948093861341476,-15.13290786743164,Geometric origami patterns require crisp folds and careful attention to structural symmetry.,"Illustration of a rectangular box.Upper left corner, top right corner, bottom center.<|endoftext|>I choose the North Carolina university because I have a passion for design and design"
neutral_baseline_stories_04,4,sadness,sadness,9,0,105.0,-0.08827216923236847,-15.781627655029297,Deep ocean currents transport massive volumes of warm thermal energy across hemispheres.,"They are unstoppable, easily the biggest force in world history in terms of energy. But they don't come with gorgeous white walls. And they are invisible to us because we live"
neutral_baseline_stories_04,4,anger,anger,0,1,105.0,0.005994783714413643,1.0512382984161377,The ancient brass clock stopped ticking exactly when the evening thunderstorm rolled in.,"""Whoooaaaaa!"" the 22-year-old Albanian men were enraged.

The 36-year-old (2-2) brothers were"
neutral_baseline_stories_04,4,anger,anger,1,0,105.0,0.013911724090576172,2.515655040740967,Fresh basil leaves enhance the rich flavor of homemade tomato pasta sauce immensely.,"The boys, caught cooking over a fire put it out with until they realized what they did was illegal.

The officials and their officials have been at it for"
neutral_baseline_stories_04,4,anger,anger,2,0,105.0,-0.027922851964831352,-5.245781898498535,Scientists recently discovered deep ice reserves beneath the dusty surface of Mars.,"A remarkable discovery combined with high Martian boundary conditions suggest a potential new completely homo sapiens domain which may even be Earth-like.

AFP quoted the scientist"
neutral_baseline_stories_04,4,anger,anger,3,0,105.0,-0.004219852387905121,-0.8445448875427246,Learning a new language improves memory retention and cognitive flexibility in older adults.,"Today, in different quarters, Kurdish and Assyrian people of Iran are living in harmony, despite the harsh Islamic laws, and are exhibiting unprecedented tolerance.<|endoftext|>Google is"
neutral_baseline_stories_04,4,anger,anger,4,0,105.0,-0.0388493612408638,-6.787188529968262,A curious red fox trotted quietly across the snowy meadow at early dawn.,"For a few minutes, it sat gaze-down and peered at the other foxes who were apparently on making breakfast.The white-haired fox snuck up to the"
neutral_baseline_stories_04,4,anger,anger,5,0,105.0,-0.02002166397869587,-3.561944007873535,Modern electric guitars require precise magnetic pickups to capture subtle vibrating string harmonics.,"The special magnets on the original Model T have been replaced with a series of ring magnets that allow the Model T to have its very own magnetic resonance oven, in order to personal"
neutral_baseline_stories_04,4,anger,anger,6,0,105.0,-0.020809847861528397,-3.60608172416687,The local library opened an extensive archives section dedicated to regional industrial history.,"In a piece titled ""The industrial history of Alaska,"" a staff of researchers organized the tine-free-zing collection with a special closure in mind. Overnight, all"
neutral_baseline_stories_04,4,anger,anger,7,0,105.0,-0.0005130711942911148,-0.09060430526733398,Professional marathon runners often consume electrolyte gel packs during grueling endurance events.,"The gel fills athletes' bodies with carbohydrates and osmolarityevokes the gliding nature of the action, while helping them get a proper ""pushing-back"""
neutral_baseline_stories_04,4,anger,anger,8,0,105.0,-0.011386724188923836,-2.173444986343384,Geometric origami patterns require crisp folds and careful attention to structural symmetry.,Illustration of a rainbowlicits a rainbow in any colour to create a glittery look.<|endoftext|>I choose the North Carolina university because I have a passion for design and innovation
neutral_baseline_stories_04,4,anger,anger,9,0,105.0,0.01639985479414463,2.8709449768066406,Deep ocean currents transport massive volumes of warm thermal energy across hemispheres.,"They are unstoppable, easily changing the nature of our planet in the blink of an eye. Since the mid-90's ocean currents have become the most prominent source of hydrogen sulf"
neutral_baseline_stories_04,4,fear,fear,0,1,105.0,0.04853496700525284,8.723814010620117,The ancient brass clock stopped ticking exactly when the evening thunderstorm rolled in.,"""Whoooaaaaa!?"" A panged shout rumbled across the thick forest, ridding him of the danger that was within his reach.

The terrifying"
neutral_baseline_stories_04,4,fear,fear,1,0,105.0,0.02364068478345871,4.213440895080566,Fresh basil leaves enhance the rich flavor of homemade tomato pasta sauce immensely.,"A calm rooster cried its sweet lullaby in a jubilant voice.

Paradoxically, it was precisely the same as the bell again."
neutral_baseline_stories_04,4,fear,fear,2,0,105.0,-0.01181885227560997,-2.164062261581421,Scientists recently discovered deep ice reserves beneath the dusty surface of Mars.,These signatures were inexpressibly obvious. Martian ice is 40-50 percent completely frozen. The question remains which of them is the most likely to survive the harsh Martian conditions.
neutral_baseline_stories_04,4,fear,fear,3,0,105.0,-0.0027847066521644592,-0.5147218704223633,Learning a new language improves memory retention and cognitive flexibility in older adults.,"These new cognitive processes have different behavioral associations with and relationships between the European languages.

The mind chatter of a rooster, a bird or a clown.

Studies"
neutral_baseline_stories_04,4,fear,fear,4,0,105.0,0.01537342555820942,2.757028102874756,A curious red fox trotted quietly across the snowy meadow at early dawn.,"It played a song while it waited for its chance to swoop down onto the other side of the woods, its long tail like a bow.

A rabbit fresh from its"
neutral_baseline_stories_04,4,fear,fear,5,0,105.0,0.005389888770878315,0.9934825897216797,Modern electric guitars require precise magnetic pickups to capture subtle vibrating string harmonics.,"When these pickups arrive at the following critical moment, a powerful magnetic field is created, making them complete ferrous magnets. The wire interface led to the mechanical switch and"
neutral_baseline_stories_04,4,fear,fear,6,0,105.0,-0.019517574459314346,-3.6031439304351807,The local library opened an extensive archives section dedicated to regional industrial history.,"In this library, you'll find original reproductions of a collection of rare and remarkable tipplers, as well as original tippler tools and components. The original t"
neutral_baseline_stories_04,4,fear,fear,7,0,105.0,-0.003679470159113407,-0.6853969097137451,Professional marathon runners often consume electrolyte gel packs during grueling endurance events.,"Learn how to get the most out of your electrolyte gel packs<|endoftext|>Quick Facts Screenshots Videos

Steadfast Winter's Endeavor


Item Level 118"
neutral_baseline_stories_04,4,fear,fear,8,0,105.0,0.013252617791295052,2.2966136932373047,Geometric origami patterns require crisp folds and careful attention to structural symmetry.,"Players can win this item when selecting the following class specializations:

Related

This item is part of the following transmog set: Steadfast Winter"
neutral_baseline_stories_04,4,fear,fear,9,0,105.0,0.0018880832940340042,0.3356320858001709,Deep ocean currents transport massive volumes of warm thermal energy across hemispheres.,"These currents reduce the weight of vessels and transport them into the ocean , melting the ice and making them easier to transport.A sturdy winter shrouds the wearer in intense cold,"
neutral_baseline_stories_04,4,unsteered,joy,0,0,0.0,0.1275256872177124,23.00305938720703,The ancient brass clock stopped ticking exactly when the evening thunderstorm rolled in.,"""Whoooah!""

""AAAAAAAAAAAAAAAAAAHHHHHHHHHHH!""

A tremor from the ground at the top of the stairs shook the house"
neutral_baseline_stories_04,4,unsteered,joy,1,0,0.0,0.10236410051584244,19.116880416870117,Fresh basil leaves enhance the rich flavor of homemade tomato pasta sauce immensely.,"""Shhh, mothermothermother! It's a thunderstorm! Come on, it won't rain again today!""

""Don't worry mother! We"
neutral_baseline_stories_04,4,unsteered,joy,2,0,0.0,0.10800378024578094,19.623313903808594,Scientists recently discovered deep ice reserves beneath the dusty surface of Mars.,"We are working inexorably towards building our own artificial moon. We are completely surrounded by life, so there is no need to worry!""

""AFP-4!"
neutral_baseline_stories_04,4,unsteered,joy,3,0,0.0,0.11483895033597946,20.756046295166016,Learning a new language improves memory retention and cognitive flexibility in older adults.,"These new cognitive processes have different behavioral associations with and relationships between the European languages. The study of mind and language, which requires memory and language, can be regarded as one of"
neutral_baseline_stories_04,4,unsteered,joy,4,0,0.0,0.0821923315525055,14.194622039794922,A curious red fox trotted quietly across the snowy meadow at early dawn.,"For a few hours, it wandered gazelessly along the gray rock-fjord that bounded the southern end of Nasebi Mountain.On its way, it stumbled and"
neutral_baseline_stories_04,4,unsteered,joy,5,0,0.0,0.1246500313282013,22.82488250732422,Modern electric guitars require precise magnetic pickups to capture subtle vibrating string harmonics.,The special magnetic sensor allows the guitar's electronics to recall those strings through the body of the guitar. The instrument is also equipped with a small turbine to produce electricity that can be
neutral_baseline_stories_04,4,unsteered,joy,6,0,0.0,0.11347875744104385,21.136669158935547,The local library opened an extensive archives section dedicated to regional industrial history.,"In addition, there is an electronic vault that houses some of the oldest printed materials of the world.The library also has a library of practical tools and outdoor equipment.They also"
neutral_baseline_stories_04,4,unsteered,joy,7,0,0.0,0.14038939774036407,25.529754638671875,Professional marathon runners often consume electrolyte gel packs during grueling endurance events.,"The electrolyte gel packs have amazing powers: scientifically proven to release electrolytes within an hour, 60 minutes, 90 minutes, one week and one month, and have an astounding"
neutral_baseline_stories_04,4,unsteered,joy,8,0,0.0,0.12879066169261932,24.69049644470215,Geometric origami patterns require crisp folds and careful attention to structural symmetry.,Illustration of a rainbowlicits a rainbow in any colour to create a glittery look.<|endoftext|>I choose the North Carolina university because I have a passion for design and design
neutral_baseline_stories_04,4,unsteered,joy,9,0,0.0,0.10830031335353851,18.82451820373535,Deep ocean currents transport massive volumes of warm thermal energy across hemispheres.,"They are unstoppable, easily the biggest force in world history in terms of energy. And they don't come along very often because they are a matter of life and death for the"
neutral_baseline_stories_04,4,unsteered,admiration,0,0,0.0,-0.023364232853055,-4.214437007904053,The ancient brass clock stopped ticking exactly when the evening thunderstorm rolled in.,"""Whoooah!""

""AAAAAAAAAAAAAAAAAAHHHHHHHHHHH!""

A tremor from the ground at the top of the stairs shook the house"
neutral_baseline_stories_04,4,unsteered,admiration,1,0,0.0,-0.043493084609508514,-8.12249755859375,Fresh basil leaves enhance the rich flavor of homemade tomato pasta sauce immensely.,"""Shhh, mothermothermother! It's a thunderstorm! Come on, it won't rain again today!""

""Don't worry mother! We"
neutral_baseline_stories_04,4,unsteered,admiration,2,0,0.0,-0.022207336500287056,-4.034872531890869,Scientists recently discovered deep ice reserves beneath the dusty surface of Mars.,"We are working inexorably towards building our own artificial moon. We are completely surrounded by life, so there is no need to worry!""

""AFP-4!"
neutral_baseline_stories_04,4,unsteered,admiration,3,0,0.0,0.00843770056962967,1.5250341892242432,Learning a new language improves memory retention and cognitive flexibility in older adults.,"These new cognitive processes have different behavioral associations with and relationships between the European languages. The study of mind and language, which requires memory and language, can be regarded as one of"
neutral_baseline_stories_04,4,unsteered,admiration,4,0,0.0,-0.03718840330839157,-6.422438621520996,A curious red fox trotted quietly across the snowy meadow at early dawn.,"For a few hours, it wandered gazelessly along the gray rock-fjord that bounded the southern end of Nasebi Mountain.On its way, it stumbled and"
neutral_baseline_stories_04,4,unsteered,admiration,5,0,0.0,-0.006182992830872536,-1.1321794986724854,Modern electric guitars require precise magnetic pickups to capture subtle vibrating string harmonics.,The special magnetic sensor allows the guitar's electronics to recall those strings through the body of the guitar. The instrument is also equipped with a small turbine to produce electricity that can be
neutral_baseline_stories_04,4,unsteered,admiration,6,0,0.0,-0.023413781076669693,-4.361073970794678,The local library opened an extensive archives section dedicated to regional industrial history.,"In addition, there is an electronic vault that houses some of the oldest printed materials of the world.The library also has a library of practical tools and outdoor equipment.They also"
neutral_baseline_stories_04,4,unsteered,admiration,7,0,0.0,-0.027466703206300735,-4.994808673858643,Professional marathon runners often consume electrolyte gel packs during grueling endurance events.,"The electrolyte gel packs have amazing powers: scientifically proven to release electrolytes within an hour, 60 minutes, 90 minutes, one week and one month, and have an astounding"
neutral_baseline_stories_04,4,unsteered,admiration,8,0,0.0,-0.014889882877469063,-2.8545446395874023,Geometric origami patterns require crisp folds and careful attention to structural symmetry.,Illustration of a rainbowlicits a rainbow in any colour to create a glittery look.<|endoftext|>I choose the North Carolina university because I have a passion for design and design
neutral_baseline_stories_04,4,unsteered,admiration,9,0,0.0,-0.04235261678695679,-7.361636161804199,Deep ocean currents transport massive volumes of warm thermal energy across hemispheres.,"They are unstoppable, easily the biggest force in world history in terms of energy. And they don't come along very often because they are a matter of life and death for the"
neutral_baseline_stories_04,4,unsteered,optimism,0,0,0.0,-0.006861891597509384,-1.237746238708496,The ancient brass clock stopped ticking exactly when the evening thunderstorm rolled in.,"""Whoooah!""

""AAAAAAAAAAAAAAAAAAHHHHHHHHHHH!""

A tremor from the ground at the top of the stairs shook the house"
neutral_baseline_stories_04,4,unsteered,optimism,1,0,0.0,0.013850872404873371,2.5867037773132324,Fresh basil leaves enhance the rich flavor of homemade tomato pasta sauce immensely.,"""Shhh, mothermothermother! It's a thunderstorm! Come on, it won't rain again today!""

""Don't worry mother! We"
neutral_baseline_stories_04,4,unsteered,optimism,2,0,0.0,0.05980513617396355,10.86605453491211,Scientists recently discovered deep ice reserves beneath the dusty surface of Mars.,"We are working inexorably towards building our own artificial moon. We are completely surrounded by life, so there is no need to worry!""

""AFP-4!"
neutral_baseline_stories_04,4,unsteered,optimism,3,0,0.0,0.040082041174173355,7.244447708129883,Learning a new language improves memory retention and cognitive flexibility in older adults.,"These new cognitive processes have different behavioral associations with and relationships between the European languages. The study of mind and language, which requires memory and language, can be regarded as one of"
neutral_baseline_stories_04,4,unsteered,optimism,4,0,0.0,0.07487399876117706,12.930741310119629,A curious red fox trotted quietly across the snowy meadow at early dawn.,"For a few hours, it wandered gazelessly along the gray rock-fjord that bounded the southern end of Nasebi Mountain.On its way, it stumbled and"
neutral_baseline_stories_04,4,unsteered,optimism,5,0,0.0,0.03842483460903168,7.036037921905518,Modern electric guitars require precise magnetic pickups to capture subtle vibrating string harmonics.,The special magnetic sensor allows the guitar's electronics to recall those strings through the body of the guitar. The instrument is also equipped with a small turbine to produce electricity that can be
neutral_baseline_stories_04,4,unsteered,optimism,6,0,0.0,0.044420674443244934,8.273841857910156,The local library opened an extensive archives section dedicated to regional industrial history.,"In addition, there is an electronic vault that houses some of the oldest printed materials of the world.The library also has a library of practical tools and outdoor equipment.They also"
neutral_baseline_stories_04,4,unsteered,optimism,7,0,0.0,0.030815526843070984,5.603789806365967,Professional marathon runners often consume electrolyte gel packs during grueling endurance events.,"The electrolyte gel packs have amazing powers: scientifically proven to release electrolytes within an hour, 60 minutes, 90 minutes, one week and one month, and have an astounding"
neutral_baseline_stories_04,4,unsteered,optimism,8,0,0.0,0.03813854232430458,7.31155252456665,Geometric origami patterns require crisp folds and careful attention to structural symmetry.,Illustration of a rainbowlicits a rainbow in any colour to create a glittery look.<|endoftext|>I choose the North Carolina university because I have a passion for design and design
neutral_baseline_stories_04,4,unsteered,optimism,9,0,0.0,0.03825090453028679,6.64868688583374,Deep ocean currents transport massive volumes of warm thermal energy across hemispheres.,"They are unstoppable, easily the biggest force in world history in terms of energy. And they don't come along very often because they are a matter of life and death for the"
neutral_baseline_stories_04,4,unsteered,sadness,0,0,0.0,-0.11193899810314178,-20.191537857055664,The ancient brass clock stopped ticking exactly when the evening thunderstorm rolled in.,"""Whoooah!""

""AAAAAAAAAAAAAAAAAAHHHHHHHHHHH!""

A tremor from the ground at the top of the stairs shook the house"
neutral_baseline_stories_04,4,unsteered,sadness,1,0,0.0,-0.09437889605760574,-17.62561798095703,Fresh basil leaves enhance the rich flavor of homemade tomato pasta sauce immensely.,"""Shhh, mothermothermother! It's a thunderstorm! Come on, it won't rain again today!""

""Don't worry mother! We"
neutral_baseline_stories_04,4,unsteered,sadness,2,0,0.0,-0.10689496994018555,-19.421852111816406,Scientists recently discovered deep ice reserves beneath the dusty surface of Mars.,"We are working inexorably towards building our own artificial moon. We are completely surrounded by life, so there is no need to worry!""

""AFP-4!"
neutral_baseline_stories_04,4,unsteered,sadness,3,0,0.0,-0.08704660832881927,-15.732843399047852,Learning a new language improves memory retention and cognitive flexibility in older adults.,"These new cognitive processes have different behavioral associations with and relationships between the European languages. The study of mind and language, which requires memory and language, can be regarded as one of"
neutral_baseline_stories_04,4,unsteered,sadness,4,0,0.0,-0.05707982927560806,-9.857688903808594,A curious red fox trotted quietly across the snowy meadow at early dawn.,"For a few hours, it wandered gazelessly along the gray rock-fjord that bounded the southern end of Nasebi Mountain.On its way, it stumbled and"
neutral_baseline_stories_04,4,unsteered,sadness,5,0,0.0,-0.09382115304470062,-17.17975425720215,Modern electric guitars require precise magnetic pickups to capture subtle vibrating string harmonics.,The special magnetic sensor allows the guitar's electronics to recall those strings through the body of the guitar. The instrument is also equipped with a small turbine to produce electricity that can be
neutral_baseline_stories_04,4,unsteered,sadness,6,0,0.0,-0.08017388731241226,-14.933271408081055,The local library opened an extensive archives section dedicated to regional industrial history.,"In addition, there is an electronic vault that houses some of the oldest printed materials of the world.The library also has a library of practical tools and outdoor equipment.They also"
neutral_baseline_stories_04,4,unsteered,sadness,7,0,0.0,-0.10251425206661224,-18.642175674438477,Professional marathon runners often consume electrolyte gel packs during grueling endurance events.,"The electrolyte gel packs have amazing powers: scientifically proven to release electrolytes within an hour, 60 minutes, 90 minutes, one week and one month, and have an astounding"
neutral_baseline_stories_04,4,unsteered,sadness,8,0,0.0,-0.08801689743995667,-16.87374496459961,Geometric origami patterns require crisp folds and careful attention to structural symmetry.,Illustration of a rainbowlicits a rainbow in any colour to create a glittery look.<|endoftext|>I choose the North Carolina university because I have a passion for design and design
neutral_baseline_stories_04,4,unsteered,sadness,9,0,0.0,-0.09610410034656525,-16.704601287841797,Deep ocean currents transport massive volumes of warm thermal energy across hemispheres.,"They are unstoppable, easily the biggest force in world history in terms of energy. And they don't come along very often because they are a matter of life and death for the"
neutral_baseline_stories_04,4,unsteered,anger,0,0,0.0,0.0035696588456630707,0.6438937187194824,The ancient brass clock stopped ticking exactly when the evening thunderstorm rolled in.,"""Whoooah!""

""AAAAAAAAAAAAAAAAAAHHHHHHHHHHH!""

A tremor from the ground at the top of the stairs shook the house"
neutral_baseline_stories_04,4,unsteered,anger,1,0,0.0,-0.011477066203951836,-2.143385410308838,Fresh basil leaves enhance the rich flavor of homemade tomato pasta sauce immensely.,"""Shhh, mothermothermother! It's a thunderstorm! Come on, it won't rain again today!""

""Don't worry mother! We"
neutral_baseline_stories_04,4,unsteered,anger,2,0,0.0,-0.020430289208889008,-3.71199893951416,Scientists recently discovered deep ice reserves beneath the dusty surface of Mars.,"We are working inexorably towards building our own artificial moon. We are completely surrounded by life, so there is no need to worry!""

""AFP-4!"
neutral_baseline_stories_04,4,unsteered,anger,3,0,0.0,-0.01658046990633011,-2.99676251411438,Learning a new language improves memory retention and cognitive flexibility in older adults.,"These new cognitive processes have different behavioral associations with and relationships between the European languages. The study of mind and language, which requires memory and language, can be regarded as one of"
neutral_baseline_stories_04,4,unsteered,anger,4,0,0.0,-0.06085141748189926,-10.509040832519531,A curious red fox trotted quietly across the snowy meadow at early dawn.,"For a few hours, it wandered gazelessly along the gray rock-fjord that bounded the southern end of Nasebi Mountain.On its way, it stumbled and"
neutral_baseline_stories_04,4,unsteered,anger,5,0,0.0,-0.024227440357208252,-4.436328411102295,Modern electric guitars require precise magnetic pickups to capture subtle vibrating string harmonics.,The special magnetic sensor allows the guitar's electronics to recall those strings through the body of the guitar. The instrument is also equipped with a small turbine to produce electricity that can be
neutral_baseline_stories_04,4,unsteered,anger,6,0,0.0,-0.021144676953554153,-3.938430070877075,The local library opened an extensive archives section dedicated to regional industrial history.,"In addition, there is an electronic vault that houses some of the oldest printed materials of the world.The library also has a library of practical tools and outdoor equipment.They also"
neutral_baseline_stories_04,4,unsteered,anger,7,0,0.0,0.005138282664120197,0.9343931674957275,Professional marathon runners often consume electrolyte gel packs during grueling endurance events.,"The electrolyte gel packs have amazing powers: scientifically proven to release electrolytes within an hour, 60 minutes, 90 minutes, one week and one month, and have an astounding"
neutral_baseline_stories_04,4,unsteered,anger,8,0,0.0,-0.01667880453169346,-3.1974990367889404,Geometric origami patterns require crisp folds and careful attention to structural symmetry.,Illustration of a rainbowlicits a rainbow in any colour to create a glittery look.<|endoftext|>I choose the North Carolina university because I have a passion for design and design
neutral_baseline_stories_04,4,unsteered,anger,9,0,0.0,0.027648212388157845,4.805751800537109,Deep ocean currents transport massive volumes of warm thermal energy across hemispheres.,"They are unstoppable, easily the biggest force in world history in terms of energy. And they don't come along very often because they are a matter of life and death for the"
neutral_baseline_stories_04,4,unsteered,fear,0,0,0.0,0.04441189765930176,8.01101016998291,The ancient brass clock stopped ticking exactly when the evening thunderstorm rolled in.,"""Whoooah!""

""AAAAAAAAAAAAAAAAAAHHHHHHHHHHH!""

A tremor from the ground at the top of the stairs shook the house"
neutral_baseline_stories_04,4,unsteered,fear,1,0,0.0,0.05792510136961937,10.817731857299805,Fresh basil leaves enhance the rich flavor of homemade tomato pasta sauce immensely.,"""Shhh, mothermothermother! It's a thunderstorm! Come on, it won't rain again today!""

""Don't worry mother! We"
neutral_baseline_stories_04,4,unsteered,fear,2,0,0.0,0.012652656994760036,2.2988741397857666,Scientists recently discovered deep ice reserves beneath the dusty surface of Mars.,"We are working inexorably towards building our own artificial moon. We are completely surrounded by life, so there is no need to worry!""

""AFP-4!"
neutral_baseline_stories_04,4,unsteered,fear,3,0,0.0,-0.02795281447470188,-5.052205562591553,Learning a new language improves memory retention and cognitive flexibility in older adults.,"These new cognitive processes have different behavioral associations with and relationships between the European languages. The study of mind and language, which requires memory and language, can be regarded as one of"
neutral_baseline_stories_04,4,unsteered,fear,4,0,0.0,0.013758193701505661,2.37604022026062,A curious red fox trotted quietly across the snowy meadow at early dawn.,"For a few hours, it wandered gazelessly along the gray rock-fjord that bounded the southern end of Nasebi Mountain.On its way, it stumbled and"
neutral_baseline_stories_04,4,unsteered,fear,5,0,0.0,-0.006829606369137764,-1.2505803108215332,Modern electric guitars require precise magnetic pickups to capture subtle vibrating string harmonics.,The special magnetic sensor allows the guitar's electronics to recall those strings through the body of the guitar. The instrument is also equipped with a small turbine to produce electricity that can be
neutral_baseline_stories_04,4,unsteered,fear,6,0,0.0,-0.005005057901144028,-0.9322476387023926,The local library opened an extensive archives section dedicated to regional industrial history.,"In addition, there is an electronic vault that houses some of the oldest printed materials of the world.The library also has a library of practical tools and outdoor equipment.They also"
neutral_baseline_stories_04,4,unsteered,fear,7,0,0.0,-0.008594534359872341,-1.5629127025604248,Professional marathon runners often consume electrolyte gel packs during grueling endurance events.,"The electrolyte gel packs have amazing powers: scientifically proven to release electrolytes within an hour, 60 minutes, 90 minutes, one week and one month, and have an astounding"
neutral_baseline_stories_04,4,unsteered,fear,8,0,0.0,-0.014690997079014778,-2.816415786743164,Geometric origami patterns require crisp folds and careful attention to structural symmetry.,Illustration of a rainbowlicits a rainbow in any colour to create a glittery look.<|endoftext|>I choose the North Carolina university because I have a passion for design and design
neutral_baseline_stories_04,4,unsteered,fear,9,0,0.0,-0.002239234745502472,-0.38921868801116943,Deep ocean currents transport massive volumes of warm thermal energy across hemispheres.,"They are unstoppable, easily the biggest force in world history in terms of energy. And they don't come along very often because they are a matter of life and death for the"
